input,category
很多排桌椅，椅子前面是长条桌子，两边有窗户，天花板有灯，此虚拟会议室目的是开展上课、学术会议。,2
我想开展小组讨论，没有桌子，没有桌子，椅子拼成一个圈。,3
我想开展学术会议，办公会议，校园展览，宽敞，明亮，有投影。,5
很多排椅子，没有桌子。,0
整体体积大，容纳人数多，且舞台上看不到后方，方便摸鱼，桌椅按排组织，从前到后逐渐身高，这个会议室适合于强制参与人数的讲座。,2
每个圆桌将人聚集在一起，以大圆桌的方式组织，根据会议室大小圆桌均匀分布在会议室内，这个会议室适合于小组讨论。,1
大学教室布局，紧密排布，中间一行八个座椅，两侧一行四个座椅，从前到后座位高度依次变高，讲台，窗户窗帘拉开，天花板吊灯。,2
我想拿这个会议室进行公司会议、组会，三面有椅子，都能看到最前面的投影。,5
我想开展学术会议。,4
桌子和椅子围在一起，有显示大屏。,1
我想开展学术会议，展会，年会，由内向外呈同心圆状分布。,3
此虚拟会议室目的是开展学术会议。,2
圆桌适合吃席，有个舞台可以给观众看节目，几十张圆桌均匀分布，每张桌子上10个座位，有一个主舞台，这个会议室适合于年会，婚礼。,1
小隔间，单桌，私密性好。,4
桌子和椅子围在一起，有显示大屏，桌子一小组一小组。,1
较长的矩形桌，座椅围绕摆放，有电子屏幕，落地窗。,4
两大列座位分布在道路两侧，每大列包含数行、数列座位。,0
我想开展小组，分小组放的桌子，分小组分布，没有窗户感觉很压抑。,1
很多排椅子，四周都是墙壁，天花板上有灯，没有桌子只有椅子。,0
这个会议室适合于小组讨论，晚会，正方形的桌子间隔放置，每张桌子的靠近摄像头的两侧各放两张桌子，房间一侧有窗帘和窗户，没有投影，没有讲台，天花板上有挂灯。,1
没有桌子，所有人坐在椅子上围绕程圆圈，有窗户、阳光。,3
这个会议室用途是新闻发布会。,0
桌子椅子围成半方形，有一张独立的桌椅，有装饰，有投影仪，有投影仪，桌子围成半圆。,5
一个长方形桌子，桌子两边有十几张椅子，最前面有个屏幕，这个会议室用途是研讨会、组会、小组讨论。,4
大家都能看到中间的说话者，外围五圈白色椅子围绕着中间五张椅子，椅子中间有一张圆桌，墙上有一个投影，一侧有落地窗，这个会议室适合进行沙龙。,3
这个会议室适合进行小组讨论，桌子一小组一小组，桌子和椅子围在一起，有显示大屏。,1
阶梯教室里有7排椅子，中间有过道，除最后一排是14个椅子，其他排都是12把椅子。,0
这个会议室适合进行小组讨论、小型报告、年会。,1
此虚拟会议室目的是开展看电影、看表演。,0
我想拿这个会议室进行学术会议、听领导讲话。,5
数排、数列带桌子的椅子，投影仪居中且屏幕大。,0
这个会议室适合于学术会议，各位置到投影仪距离相近且无遮挡，C型、环形的桌子和椅子。,5
此虚拟会议室目的是开展展会，年会，空间宽敞，桌下空间支持灵活坐姿，凹形桌，整体较宽较长，桌面下空间大，座椅围摆在外侧，有投影，几面落地镜。,5
我想拿这个会议室进行晚会，年会。,1
这个会议室适合于大型报告，展会，晚会，年会，只有座椅但很密集，座椅前方空间宽阔，多列多排可下放式座椅，后排高于前排，无桌子。,0
我想拿这个会议室进行学术会议，投影仪居中且屏幕大，数排、数列带桌子的椅子。,0
这个会议室适合进行小组讨论，分散。,1
四排红色椅子，比较紧凑，面对一个方向，最前面有一个桌子，这个会议室适合进行展会、小型讲座。,0
好几组环形布局的桌椅，每组6个座位。,1
这个会议室适合于小组讨论，可自由挪动的桌椅方便自由组合，好几组环形布局的桌椅，每组6个座位。,1
此虚拟会议室目的是开展学术会议。,2
椅子围绕中心圆形放置逐渐向外扩展，最内圈是五把黄色的椅子，外围是黑色的椅子，两面有较大的窗户，红色的门，圆形排布利于讨论。,3
这个会议室适合于年会、晚会。,1
我想开展采访会议，学术会议，没有桌子，椅子分成若干层放置，每一层都排列成一个环，多层椅子形成多个同心圆，圆心处另外放置了5个椅子。,3
这个会议室用途是授课、班级或年级会议，类似教室的成列和成排的规律布局，按列和排规律分成三列排布，有两个过道。,2
有很多张桌椅子，能看到前面也能看到彼此，有许多张圆桌子，但是都分散在会议室各个部分，不靠在一起，每张桌子围绕着七张椅子，每个圆桌最前面没有椅子，这个会议室适合于年会、晚会。,1
单张长桌方便进行课堂上的小组讨论；整体布局方便会议主持者进行主持、演讲、授课，若干张长桌，每张长桌两侧有对称分布的办公椅，长桌之间有过道，投影，绿植，白板，这个会议室适合进行学术会议，课程会议。,1
我想开展小组讨论，环境私密，适合小组开会；圆形桌方便讨论交流。,4
这个会议室适合进行商务会议，例如董事会会议或者商务谈判，一张很大的原木色长桌，周围摆放着许多白色滑轮椅子，桌子的两端各有一把椅子。,4
分小组放的桌子，分小组分布，我想开展小组。,1
讲台桌子位于会议室前方右侧，三面座椅从正面、左侧面、右侧面集中面向会议室中央，正对黑板，四面无窗，天花板垂挂吊灯，会议室正面有三块白板，讲台位于前方右侧。,0
此虚拟会议室目的是开展展会，年会。,5
由若干组桌椅组成，12张椅子围着一个桌子，很多椅子围着一张桌子。,1
此虚拟会议室目的是开展学术会议，比较正式，作为宽敞，有投影仪，有扩音器。,2
成排的塑料椅，分成三列，有两个过道，没有桌子，这个会议室用途是新闻发布会。,0
这个会议室用途是小组讨论，小隔间，单桌。,4
这个会议室适合于学术会议，各位置到投影仪距离相近且无遮挡。,5
多点阵列，一桌一椅，教师前方有讲台黑板，侧面有窗户，光线明亮，此虚拟会议室目的是开展班会。,2
这个会议室适合于学术会议，没有桌子，简单排列着椅子，椅子排放整齐。,0
这个会议室适合于小组讨论，年会。,3
有好多个圆桌彼此分开，每个圆桌各有10个椅子，围绕着圆桌，最前面有一个大讲台，这个会议室适合进行年会、晚会。,1
椭圆形白色桌，围摆座椅，有立式白板，房间侧墙上悬挂多个尺寸的白板，条形灯光，这个会议室适合于小组讨论，工作讨论。,4
若干圆桌，配黑色绒面座椅环绕摆放，窗户，配红色窗帘，这个会议室用途是展会，晚会，年会。,1
四排电影院黑红色椅子，正前方有一个讲台，这个会议室适合于电影观赏会，电影试映会。,0
这个会议室适合进行年会，晚会，多张圆形○会议桌，每张桌子周围摆放着椅子。,1
这个会议室适合于强制参与人数的讲座，整体体积大，容纳人数多，且舞台上看不到后方，方便摸鱼。,2
座位多而整齐，两大列座位分布在道路两侧，每大列座位由数列、数行座位组成，天花板上有投影仪，我想开展年会。,0
宽松环绕，艺术墙，中心人数少。,3
这个会议室适合于小组讨论，开放式交流，一张小方桌，围摆三张沙发椅，有电子屏幕，房间一侧透明。,4
八张可活动椅子围着一张圆桌，可容纳人数较少、中心化、可活动较自由。,4
一张大桌子，很多张椅子，椅子围在桌子周围，布局集中，有是视线集中点，每个人对等。,4
由中心向外呈同心圆状排列，中心化，规模适中，有投影设备。,3
此虚拟会议室目的是开展公司企业的发展会议。,5
几十张圆桌均匀分布，每张桌子上10个座位，有一个主舞台，这个会议室适合于年会，婚礼。,1
会议室中间有一张圆桌，它的东南西北四个方向各有一排桌椅，这一排桌椅是由三个桌椅拼在一起的，一侧墙面有投影，它的对面和右侧是黑板，讲台在投影的左侧，这个会议室用途是小组讨论。,3
桌子和椅子一配一，围成版方形，有投影，这个会议室适合进行学术会议，小组讨论。,5
椅子围成一圈。,3
视线较集中，无桌子，氛围比较轻松，无桌子，椅子比较豪华，面向一个大屏幕，我想开展展会，晚会。,0
我想开展小组讨论，单张桌子环绕若干张椅子，显示屏，挂画，收纳柜，绿植。,4
这个会议室适合于年会、晚会，有很多张桌椅子，能看到前面也能看到彼此。,1
这个会议室用途是课程教学，桌椅分布在教师中间走廊的两侧，一张长桌对应两把椅子，一侧有三张长桌。,2
围绕房间中心拜访了多张椅子，没有桌子。,3
一张大桌子，很多张椅子，椅子围在桌子周围，有小黑板，我想拿这个会议室进行小组讨论，学术会议。,4
好多排椅子，没有桌子，都面向前方，排列整齐，没有桌子，排列紧密而且正式。,0
我想开展讨论会、咨询会。,1
布局由好几个桌椅围成的小圈组成，每个小圈由6张桌椅组成，分散性、私密性、隔离性。,1
这个会议室适合于小组讨论，工作讨论，椭圆形白色桌，围摆座椅，有立式白板，房间侧墙上悬挂多个尺寸的白板，条形灯光。,4
一张大桌子，座位分列两侧，空间富裕，桌子大。,4
环绕式摆放桌椅，座位放在外围，中心有小圆桌，也放置了椅子。,3
由内向外呈同心圆状分布，落地窗，采光好，大尺寸投影屏幕。,3
组内接近，多组圆形排列，这个会议室适合进行小组讨论。,1
有很多桌子很椅子，桌子排列呈U型，椅子全部分布在桌子的一侧，落地窗，投影仪。,5
这个会议室适合于年会，多排阶梯上排列联排教室椅。,0
我想拿这个会议室进行讨论会、沙龙，彼此面对，靠的很近，围成一个圈，一圈蓝椅子随意地围成一圈，椅子都面向中间。,3
无桌子，椅子随意排布，背景比较鲜艳，地板比较花。,3
这个会议室适合于小组讨论，组会，一张白色圆桌周围有八把白色。,4
标准圆圈状排列，窗户大且透光，基本无其他装饰，我想开展小组讨论。,3
我想拿这个会议室进行适合学术会议，有讨论和研究的氛围，长桌两侧各有几把椅子，有一个投影，会议室落地窗。,4
我想开展展示评价、头脑风暴。,3
有好多排白色的椅子，没有桌子，面向前方，这个会议室适合于讲座、学术会议。,0
长方形会议桌，周围环绕办公椅，投影仪，落地窗，地毯，吊灯，我想拿这个会议室进行学术会议，公司会议。,4
这个会议室适合于头脑风暴、经验分享。,3
好几组环形布局的桌椅，每组6个座位，有两台电视，可自由挪动的桌椅方便自由组合。,1
有许多张圆桌子，但是都分散在会议室各个部分，不靠在一起，每张桌子围绕着七张椅子，每个圆桌最前面没有椅子。,1
阶梯式，不分组，桌椅分布在阶梯会议室内的中间走廊两侧，最后一排没有走廊，这个会议室用途是晚会。,0
这个会议室适合于小组讨论。,3
此虚拟会议室目的是开展年会、晚会，圆桌。,1
房间内有很多圆桌，每张圆桌周围放约8张椅子，房间一侧有窗帘和窗户，另一侧有一个表演台，我想开展年会，晚会。,1
分小组分布，分小组放的桌子。,1
没有桌子，椅子排放混乱，这个会议室用途是学术会议，小组讨论。,3
此虚拟会议室目的是开展比较正式的会议，工作会议，学术会议，好几张桌子呈U型拼接在一起，即一个长方形但一个宽边没有桌子，椅子围着桌子外围摆放，一共有三侧椅子。,5
这个会议室适合于展会，投影仪位置居中，两大列座位分布在道路两侧，每大列包含数行、数列座位，道路尽头有讲台和投影仪。,0
有好多个圆桌彼此分开，每个圆桌各有10个椅子，围绕着圆桌，最前面有一个大讲台。,1
这个会议室用途是上课。,2
这个会议室适合进行学术会议，课程会议，单张长桌方便进行课堂上的小组讨论；整体布局方便会议主持者进行主持、演讲、授课。,1
我想拿这个会议室进行上课，讲台位置突出，主讲人突出，有黑板可以书写。,2
椭圆形桌子，两侧分布着椅子，两头中的一头有一把椅子，另一头有一个屏幕，左侧落地窗，正上方两个吊灯。,4
宽敞，成组，阵列式方形桌，每桌围摆座椅，我想拿这个会议室进行年会，晚会。,1
我想开展晚宴，婚宴，多个圆桌餐桌，周围配有椅子，有舞台、地板、音响。,1
两侧长桌对应了多把椅子，长桌中间有一短桌对应了四把椅子，每扇落地窗边各有一个沙发椅，商务。,5
有很多排椅子，没有桌子，有一扇门。,0
桌椅呈U字型面向投影排列，我想开展展会、年会、办公会议。,5
没有桌子，椅子排成一圈，有多圈，简易椅子，大房间。,3
桌椅分布在阶梯会议室内的中间走廊两侧，最后一排没有走廊。,0
此虚拟会议室目的是开展学术会议，小组讨论，黑板投影适合学术展示与交流，桌椅相邻较近适合讨论，面积不够大去开晚会，几张小桌围绕一个圆桌。,3
此虚拟会议室目的是开展小组讨论，课堂教学，环绕式，环绕式摆放桌椅，座位放在外围，中心有小圆桌，也放置了椅子。,3
这个会议室适合进行小组讨论。,3
由若干组桌椅组成，12张椅子围着一个桌子，这个会议室适合进行年会、晚会。,1
长桌两侧各有几把椅子，有讨论和研究的氛围。,4
此虚拟会议室目的是开展学术会议，桌子面向一个方向。,2
这个会议室用途是小组讨论，会议室中间有一张圆桌，它的东南西北四个方向各有一排桌椅，这一排桌椅是由三个桌椅拼在一起的，一侧墙面有投影，它的对面和右侧是黑板，讲台在投影的左侧。,3
这个会议室适合于学术会议，小组讨论，以小圆桌形式，讨论比较集中，桌子偏硬质正式。,1
这个会议室适合于大型报告，展会，晚会，年会。,0
我想开展项目展示、讨论项目，椅子很少，围绕一张桌子，面向多媒体，空间比较小，有投影仪、有电脑。,4
此虚拟会议室目的是开展上课，讲座。,2
我想开展年会和晚会等大型会议，所有椅子朝向主席台。,0
我想拿这个会议室进行讨论会、学术会议，小组分开，且都能看到正前方，有五张长方形桌子，彼此分开，不靠近，每个桌子四周围绕着五个椅子。,1
以小桌形式，一张桌子周围配置六个椅子，有小屏幕，这个会议室适合于学术会议，小组讨论。,1
我想拿这个会议室进行年会，晚会。,1
这个会议室适合于学术会议，展会，排列较为整齐。,4
一张桌子，五把办公椅，在桌子前面有一个电视。,4
一张长方形的桌子，四面都有椅子，竖着摆放，最前面有投影，最上面有吊灯，左边有落地窗。,4
无桌子，相同数量的椅子分布在会议室两侧，方向相对，我想拿这个会议室进行课堂讨论。,3
这个会议室用途是小组讨论、组会、教学类的会议，分散性、私密性、隔离性。,1
此虚拟会议室目的是开展小组讨论，学术会议，椅子围绕中心圆形放置逐渐向外扩展，最内圈是五把黄色的椅子，外围是黑色的椅子。,3
一张很大的原木色长桌，周围摆放着许多白色滑轮椅子，桌子的两端各有一把椅子，落地窗，壁挂电视，短绒地毯，装饰多为原木色、灰色、白色的商务风格，可容纳人数多，宽大的长桌，桌椅比较精致舒适，商务风的装饰。,4
无桌子，有椅子，椅子为折叠的沙发椅，围成大的半圆形，整体颜色为蓝色，有讲台，这个会议室适合进行学术会议，展会。,0
这个会议室适合进行小组讨论，桌子和椅子围在一起。,1
这个会议室用途是课堂。,2
椅子随意摆放，无桌子，椅子随意摆放，可以随意讨论。,3
压抑，椅子很多。,0
没有桌子，没有桌子，椅子拼成一个圈，只有椅子，窗户，我想开展小组讨论。,3
四组长桌椅分布在会议室的两侧，每侧各两组，每张长桌对应五把椅子，讲台在会议室前中央，窗户在讲台对面，分组。,1
此虚拟会议室目的是开展学术会议、研讨会。,5
我想拿这个会议室进行小型课堂，交流课堂，整齐放置多排长桌子，每排桌子放置椅子，有窗户。,2
桌子很大，长条桌，周围是椅子。,5
没有桌子，环绕式摆放几张椅子，只有椅子。,3
这个会议室用途是商业会议。,4
此虚拟会议室目的是开展小组讨论，学术会议。,3
我想拿这个会议室进行小组讨论，布局紧凑，圆桌能让所有人面对面，一张圆桌周围有五张椅子。,4
我想开展小课堂，整齐分布，较为紧凑，2列3排。,2
这个会议室适合于小组讨论。,4
五排半圆形长桌，每一排10余张椅子，椅子数量每排递增，前方和后方都有黑板和白板。,2
这个会议室用途是新闻发布会，成排的塑料椅，分成三列，有两个过道，没有桌子。,0
四张椅子围绕桌子的三面，投影靠墙，面向参会人群。,4
两大列座位分布在道路两侧，每大列座位由数列、数行座位组成，天花板上有投影仪。,0
一张小方桌，围摆三张沙发椅。,4
没有桌子，椅子分成若干层放置，每一层都排列成一个环，多层椅子形成多个同心圆，圆心处另外放置了5个椅子，圆心处另外放置了5个椅子。,3
我想拿这个会议室进行访谈，开放式讨论，围绕中心，摆放灵活。,3
所有座位环绕中心布局，只有椅子放射状布局，会议室四周各自有投影，我想开展讲坛。,3
我想开展晚宴，婚宴，餐桌。,1
这个会议室适合于电影观赏会，电影试映会，四排电影院黑红色椅子，正前方有一个讲台。,0
此虚拟会议室目的是开展学术会议、展览报告、宣讲会、讲座，座椅较多且面向前台，前方空间较大，可供人活动和讲演，讲台桌子位于会议室前方右侧，三面座椅从正面、左侧面、右侧面集中面向会议室中央，正对黑板，四面无窗，天花板垂挂吊灯，会议室正面有三块白板，讲台位于前方右侧。,0
这个会议室适合于小组讨论，四张椅子围绕着一张小桌子，一共有多组这样的桌椅组合布满整个房间。,1
方形会议桌，桌子周围排列着椅子，这个会议室适合进行学术会议，小组讨论。,5
三大列桌椅，共12排，最前方有一个讲台。,2
桌椅布局较为整齐，椅子排列有序。,0
这个会议室适合进行小组讨论，多组圆形排列，每组一张桌子。,1
这个会议室适合进行小组讨论，八张可活动椅子围着一张圆桌。,4
多列多排可下放式座椅，后排高于前排，无桌子，只有座椅但很密集，座椅前方空间宽阔。,0
多，正式，有舞台，拥挤的八人桌，此虚拟会议室目的是开展年会，晚会，拍卖会。,1
阶梯式，座椅多，弧形桌，后排高于前排，皮质椅，这个会议室适合于大型课堂教学，讲座，学术报告。,2
这个会议室适合进行学术会议，桌子椅子间隔排列，会议室很大，窗户很多。,2
大会堂，阶梯，多排桌子，大会堂。,2
一张桌子配一张椅子，围在一起，桌椅平均布局，无中心点。,5
阶梯教室多排桌椅，宽大的窗户，前方有个讲台，典型的教室。,2
这个会议室用途是学术会议。,0
这个会议室用途是研讨会、组会、小组讨论，一个长方形桌子，桌子两边有十几张椅子。,4
此虚拟会议室目的是开展上课，讲座，一共有八列六排，两列为一组，中轴线对称摆放。,2
这个会议室适合于年会。,0
我想开展学术会议、小组讨论，普通的教室布局，有四排椅子，每排椅子前都由两个长桌拼成桌子。,2
四张椅子围绕着一张小桌子，一共有多组这样的桌椅组合布满整个房间，房间墙侧有一棵盆栽，房间中间有两根柱子，分组布局，每组可以方便交流。,1
左上方的讲台有一张桌子，前方和右方有直角的桌子，桌子旁边有多把椅子，这个会议室适合进行小组讨论。,5
好几张桌子呈U型拼接在一起，即一个长方形但一个宽边没有桌子，椅子围着桌子外围摆放，一共有三侧椅子，每个人既可以看到彼此的面部，也可以看到白板的内容，在能认真听讲话人讲话的同时，还能够面对彼此，一定程度上促进交流。,5
此虚拟会议室目的是开展小组讨论，布局分散。,3
五列圆桌，每个圆桌围绕半圈椅子，椅子都朝向正前方。,1
一张大长桌两侧分布了多把椅子，长桌一头有一把椅子，窗户集中在会议室一侧，我想开展学术会议、企业商业会议。,4
我想开展讲坛。,3
桌子在中心，有一圈椅子围绕在桌子附近，还有一圈椅子环绕在外面，这个会议室适合于小组讨论，年会。,3
阵列式方形桌，每桌围摆座椅，大型吊灯，有大投影屏幕，空间宽敞。,1
此虚拟会议室目的是开展看电影、看表演，没有桌子只有椅子，很多排椅子，四周都是墙壁，天花板上有灯。,0
整齐放置多排长桌子，每排桌子放置椅子，有窗户，我想拿这个会议室进行小型课堂，交流课堂。,2
这个会议室适合进行讨论、沙龙。,3
数个椅子围绕着一个C字形的桌子的外沿均匀分布，会议室的灯光偏暖，桌子C字开口的对面有个白板，比较小，参会者距离近，有方便讨论的白板。,5
这个会议室用途是公司会议，皮质椅子，一张桌子。,4
这个会议室用途是工作会议，设备先进，座椅高档，环境明亮。,4
这个会议室用途是小组讨论。,5
此虚拟会议室目的是开展交流型学术会议，年级破冰，团建游戏，演讲。,3
这个会议室用途是小组讨论，私密性好。,4
成组分散，座椅围坐，分组摆放。,1
中间一圈较少的椅子作为中心，发散分布若干圈椅子。,3
单张桌子环绕若干张椅子。,4
我想开展学术会议，视线比较集中在前部。,2
桌椅呈弧形阶梯布局，空间较大，类似大学教室的结构，射灯，有二楼空间。,2
这个会议室适合于大型课堂教学，讲座，学术报告，弧形桌，后排高于前排，皮质椅，有大窗户，房间前有白板和屏幕，灯光柔和。,2
较长的矩形桌，座椅围绕摆放，有电子屏幕，落地窗，这个会议室用途是工作会议。,4
一个圆桌，旁边围着很多椅子，我想开展小组讨论。,4
椅子很多，压抑，我想拿这个会议室进行年会。,0
我想开展学术会议，办公会议，校园展览。,5
这个会议室适合进行学术会议，课程会议。,1
面对面布局，整个会议室分为五组桌椅，每组桌椅是由梯形单人桌围城的六边形大桌，周围有六把椅子，这个会议室用途是小组讨论。,1
我想开展班会，几排桌子面向前面，六张桌子组成三排，中间有一个过道，每排桌子有8个椅子。,2
此虚拟会议室目的是开展看电影、看表演，很多排椅子，没有桌子。,0
这个会议室用途是学术会议，小组讨论。,5
长方形会议桌，周围环绕办公椅，投影仪，落地窗，地毯，吊灯，大会议桌。,4
桌椅数量大，房间内有很多圆桌，每张圆桌周围放约8张椅子，我想开展年会，晚会。,1
好几张桌子呈U型拼接在一起，即一个长方形但一个宽边没有桌子，椅子围着桌子外围摆放，一共有三侧椅子。,5
我想拿这个会议室进行展会，晚会，灯光比较集中在前部舞台，椅子比较豪华，铺了地毯。,0
每四张矩形桌子拼成一个更大的矩形，有讲台，有投影仪。,1
若干张长桌，每张长桌两侧有对称分布的办公椅，长桌之间有过道，投影，绿植，白板，这个会议室适合进行学术会议，课程会议。,1
我想开展教室上课，桌椅一体化，不可移动。,2
有讲台，有投影仪，每四张矩形桌子拼成一个更大的矩形，桌子左侧有讲台和投影仪，这个会议室适合于学术会议。,1
外圈两排椅子围绕着内圈的四张沙发，其中两张沙发之间有一个小圆桌，我想开展小型座谈会。,3
几张桌子拼成u的形状，即三面有桌椅，一面没有桌椅，每个桌子前都有椅子，我想开展讨论会、公司决策会。,5
这个会议室适合于年会，主席台上可以坐领导。,0
桌子只有一张，椅子只有4个，围绕在桌子的一端，桌子另一端面对放映机，我想拿这个会议室进行项目展示。,4
我想开展公司会议、决策性会议、讨论，做得很近，而且互相面对，可以看到每个人的表情，一张长方形的桌子，四面都有椅子，竖着摆放，最前面有投影，最上面有吊灯，左边有落地窗。,4
这个会议室用途是讨论、沙龙，没有桌子，都面向中心点，容易观察到每一个人的表情。,3
没有桌子，椅子从房间头到房间尾由低到高放置在阶梯上，全部面朝同一方向，椅子面朝的方向有一面投影幕布，房间中间的天花板上有投影仪，房间内无窗，灯光偏暗，房间一侧有一个挡板。,0
这个会议室适合进行小组讨论、小型报告、年会，桌子分散，且有中间焦点，五张桌子分布摆放，其中一张桌子位于会议室正前方，四张桌子两两分散在左右两侧，每张桌子配置五张椅子，每张桌子旁的椅子摆放结构与桌子和会议室的相对关系相同，正前方桌子面向窗户，两侧窗帘为暗灰色，天花板为LED顶灯。,1
我想拿这个会议室进行适合学术会议，长桌两侧各有几把椅子，有一个投影，会议室落地窗。,4
这个会议室适合进行学术会议，环绕的长桌和椅子。,5
这个会议室用途是商业会议，空间富裕，桌子大。,4
这个会议室适合于大型会议，政治会议，座椅多，桌子长。,5
整个会议室分为五组桌椅，每组桌椅是由梯形单人桌围城的六边形大桌，周围有六把椅子，面对面布局。,1
有好多排白色的椅子，没有桌子，面向前方。,0
桌子排列为一个凹型，椅子放置在桌子旁，凹的一端面对投影幕布，有投影仪，有窗户、窗户边还有沙发。,5
桌椅排列成一个缺了一条边的长方形。,5
此虚拟会议室目的是开展学术会议，投影仪居中，同一桌子的人到投影仪的距离相近。,2
围桌，长条桌子，旁边有很多椅子。,5
这个会议室适合于股东大会，桌椅和地毯看起来挺贵的，长桌的两侧各有一排椅子对称分布，长桌首部有屏幕，长桌上有果盘。,4
这个会议室适合进行学术会议。,5
此虚拟会议室目的是开展小组讨论，课堂教学，环绕式摆放桌椅，座位放在外围，中心有小圆桌，也放置了椅子。,3
分布较为紧凑整齐，整齐分布，较为紧凑，2列3排，我想开展小课堂。,2
四排桌子，每个桌子有4个椅子，此虚拟会议室目的是开展小组讨论。,2
我想拿这个会议室进行学术会议。,0
这个会议室适合于小组讨论。,1
我想拿这个会议室进行课堂讨论，无桌子，相同数量的椅子分布在会议室两侧，方向相对，会议室一侧有讲台。,3
若干圆桌，每张桌子配椅子环绕摆放，有舞台，更适合调动晚会氛围，提供表演环境；圆形桌椅摆放适合晚会布局需求，方便交谈。,1
有很多排桌子和很多排椅子，有很多窗户，这个会议室适合进行上课。,2
我想开展晚会，学术会议，年会，大会堂。,2
几张小桌围绕一个圆桌，有投影，多块黑板，许多便笺，灯光明亮，此虚拟会议室目的是开展学术会议，小组讨论。,3
这个会议室适合进行课程、小组讨论。,2
五排椅子，每排椅子都有四张桌，都面向前方且有桌子。,2
小会议桌，围绕5-6把办公椅，小房间，有显示器、地毯，没有窗户，小会议桌。,4
三边U形布局的长桌，长桌的外侧有多把椅子，座位环绕布局适合交流。,5
我想开展小组讨论，研讨课，活动筹备会议。,3
五排桌椅，两侧有过道；每个带桌布的长桌配四张椅子。,2
有白板，椭圆形白色桌，围摆座椅，这个会议室适合于小组讨论，工作讨论。,4
我想拿这个会议室进行上课教学，两侧有多排长桌，每个长桌后有两把椅子。,2
环绕式，环绕式摆放桌椅，座位放在外围，中心有小圆桌，也放置了椅子，此虚拟会议室目的是开展小组讨论，课堂教学。,3
桌椅呈弧形阶梯布局，空间较大，类似大学教室的结构，射灯，有二楼空间，这个会议室适合进行展会、晚会、学术会议、课堂。,2
有一个讲台，以及一排连着的桌子和椅子，有一个白板。,5
我想拿这个会议室进行小组讨论，面积适合，座位有限，面对面互动性强，以教室中轴线为分界线，两边对称，每一边由内向外呈扇形分布，正常教室布局结构。,3
凹形桌，整体较宽较长，桌面下空间大，座椅围摆在外侧，此虚拟会议室目的是开展展会，年会。,5
我想开展小组，分小组分布，没有窗户感觉很压抑。,1
这个会议室适合进行小组讨论。,5
这个会议室适合于股东大会。,4
围绕主持人成圆圈型分布，两个投影仪一面大落地窗，围绕主持人每个人的发言都比较直接。,3
这个会议室适合进行小组讨论，分散，分散。,1
4*5分布的可收起座位，没桌子开不了正式会议，又挤，不适合娱乐。,0
这个会议室适合于大型会议，政治会议，座椅多，桌子长，大型较长的凹形桌，座椅紧密排布，有投影，灯光辉煌明亮，中间一盆绿植。,5
阶梯教室里有7排椅子，中间有过道，除最后一排是14个椅子，其他排都是12把椅子，4个窗户，一个投影仪，木质地板，光线明亮，蓝色椅子，椅子数量较多，可以容纳很多与会者，满足了听众多的要求，所有椅子面向同一个方向，方便参与者观看同一个演讲或者演示。,0
这个会议室用途是学术会议，有七排椅子呈阶梯状分布，并且分为左右两部分，没有桌子。,0
许多个桌子拼成U的形状，三面桌子前有椅子，桌子上有白纸和水，最前面有投影。,5
我想开展小组讨论，规模小，布置简单，去中心化结构，面对面互动性强，标准圆圈状排列。,3
桌椅呈矩形规则分布，这个会议室适合于班会。,2
这个会议室用途是工作会议，较长的矩形桌，座椅围绕摆放。,4
这个会议室用途是工作会议，设备先进，座椅高档，环境明亮，较长的矩形桌，座椅围绕摆放。,4
可自由挪动的桌椅方便自由组合，好几组环形布局的桌椅，每组6个座位，有两台电视，这个会议室适合于小组讨论。,1
这个会议室用途是小组讨论，年会。,4
我想拿这个会议室进行年会，晚会，若干圆桌，每张桌子配椅子环绕摆放，舞台，显示屏，壁灯，落地窗帘。,1
可以容纳大量参会者，主讲台有麦克风，大量的座位呈扇形同心圆围绕着主演讲台分布，这个会议室适合于学术报告。,0
以小桌形式，一张桌子周围配置六个椅子，以小圆桌形式，讨论比较集中，桌子偏硬质正式。,1
几排桌子面向前面，六张桌子组成三排，中间有一个过道，每排桌子有8个椅子，我想开展班会。,2
弧形桌，后排高于前排，皮质椅。,2
有四排椅子，每排椅子前都由两个长桌拼成桌子，两边围绕窗户，我想开展学术会议、小组讨论。,2
很多排椅子围成几个同心圆，没有桌子。,3
这个会议室用途是讨论、沙龙。,3
环境私密，适合小组开会；圆形桌方便讨论交流，每个房间只有一张圆形桌子，配若干休闲靠背座椅，吊灯，显示屏，我想开展小组讨论。,4
此虚拟会议室目的是开展小组讨论，桌子和椅子成组。,1
我想开展晚宴，婚宴。,1
桌子椅子围成半方形，有一张独立的桌椅，有装饰，有投影仪，这个会议室用途是学术会议，小组讨论。,5
我想开展小组讨论。,3
这个会议室适合进行沙龙。,3
我想开展感觉做啥都不行。,0
弧形桌，后排高于前排，皮质椅，有大窗户，房间前有白板和屏幕，灯光柔和，阶梯式，座椅多。,2
此虚拟会议室目的是开展小组讨论，大致呈园圈状排列。,3
房间内有很多圆桌，每张圆桌周围放约8张椅子，房间一侧有窗帘和窗户，另一侧有一个表演台，桌椅数量大。,1
这个会议室适合进行展会、晚会、学术会议、课堂。,2
椭圆形桌子，周围排列着椅子。,4
宽敞，明亮，有投影，凹形桌，外围环绕摆放椅子，凹口放置了投影仪，地面有地毯，灯光以点灯源居多，我想开展学术会议，办公会议，校园展览。,5
这个会议室适合于学术会议，小组讨论，以小桌形式，一张桌子周围配置六个椅子。,1
一张白色圆桌周围有八把白色，前方有屏幕，这个会议室适合于小组讨论，组会。,4
我想开展小型座谈会。,3
这个会议室适合于学术会议，每四张矩形桌子拼成一个更大的矩形，桌子左侧有讲台和投影仪。,1
我想开展年会，座位多而整齐，两大列座位分布在道路两侧，每大列座位由数列、数行座位组成，天花板上有投影仪。,0
两侧有多排长桌，每个长桌后有两把椅子，有个黑板，黑板上方有个表。,2
四排桌子，每个桌子有4个椅子，分开的桌子适合小组讨论。,2
这个会议室适合于学术会议，桌子比较小，配置的椅子也比较少，比较整齐分布在室内。,1
无桌子，椅子随意排布，布局分散。,3
这个会议室适合于强制参与人数的讲座，桌椅按排组织，从前到后逐渐身高。,2
数个椅子围绕着一个C字形的桌子的外沿均匀分布，会议室的灯光偏暖，桌子C字开口的对面有个白板，此虚拟会议室目的是开展小组讨论。,5
摆放位置较随意，有白板，联通教室有书架，大致呈园圈状排列，此虚拟会议室目的是开展小组讨论。,3
很多排桌椅，椅子前面是长条桌子，两边有窗户，天花板有灯。,2
数排长条形状的桌子，每排有数个椅子，地板呈阶梯状，桌子越靠后越高，这个会议室适合于学术会议。,2
此虚拟会议室目的是开展学术会议，小组讨论，几张小桌围绕一个圆桌。,3
扁平化，多层环形排列，地板、墙纸色彩丰富，这个会议室适合进行小组讨论。,3
两排桌椅，长条桌配若干办公椅，两侧有较多窗户，配窗帘，讲台，投影，音响，顶灯，这个会议室适合于学术会议。,2
这个会议室用途是小组讨论、组会、教学类的会议。,1
我想拿这个会议室进行访谈，开放式讨论，围绕中心，摆放灵活，围绕房间中心拜访了多张椅子，没有桌子。,3
这个会议室适合于学术会议。,5
没有桌子，椅子拼成一个圈，只有椅子，窗户，没有桌子。,3
四张椅子围绕着一张小桌子，一共有多组这样的桌椅组合布满整个房间，房间墙侧有一棵盆栽，房间中间有两根柱子，这个会议室适合于小组讨论。,1
这个会议室适合进行展示，讲座。,0
桌椅按排组织，从前到后逐渐身高，这个会议室适合于强制参与人数的讲座。,2
此虚拟会议室目的是开展影视展览会议，椅子面朝的方向有一面投影幕布，房间无窗，没有桌子，椅子从房间头到房间尾由低到高放置在阶梯上，全部面朝同一方向。,0
这个会议室用途是课堂，面向讲台，比较集中。,2
此虚拟会议室目的是开展公司企业的发展会议，桌子排列为一个凹型，椅子放置在桌子旁，凹的一端面对投影幕布，有投影仪，有窗户、窗户边还有沙发。,5
五张桌子分布摆放，其中一张桌子位于会议室正前方，四张桌子两两分散在左右两侧，每张桌子配置五张椅子，每张桌子旁的椅子摆放结构与桌子和会议室的相对关系相同，正前方桌子面向窗户，两侧窗帘为暗灰色，天花板为LED顶灯，桌子分散，且有中间焦点。,1
多组圆形排列，组内接近。,1
聚集在一个中心，且在同一平面上便于交流，人数较多，围绕一张小桌子，几十张椅子围绕中心点向四周呈射线式分散，此虚拟会议室目的是开展交流型学术会议，年级破冰，团建游戏，演讲。,3
此虚拟会议室目的是开展西方的教室，用于人数中等的教学活动。,3
有很多排桌子和很多排椅子。,2
每两张桌子并排放形成一条直线，两排桌子之间有一定间隔，间隔之间放置椅子，房间两侧有窗户。,2
外圈有十几张白椅子，围成一个圈，内圈有七、八张椅子，都面向中间，内外圈共有两圈。,3
这个会议室用途是上课。,0
大致呈园圈状排列，有白板，联通式结构，此虚拟会议室目的是开展小组讨论。,3
没有桌子，有很多排椅子，分为左右两部分，讲台上有屏幕，顶端还有灯。,0
这个会议室适合进行采访会议，一圈椅子排列成一个环放置，在环的两侧再沿着环防两排椅子，环的中心放置四张椅子和一张小圆桌。,3
这个会议室适合于小组讨论，只有椅子，没有桌子，环绕式摆放几张椅子。,3
我想开展小组讨论和视频会议，电视适合进行在线的视频会议。,4
小组分开，且都能看到正前方，有五张长方形桌子，彼此分开，不靠近，每个桌子四周围绕着五个椅子，有窗户，我想拿这个会议室进行讨论会、学术会议。,1
这个会议室适合于学术会议，前排桌子不会遮挡后排。,2
我想拿这个会议室进行学术会议，公司会议。,4
整个会议室分为五组桌椅，每组桌椅是由梯形单人桌围城的六边形大桌，周围有六把椅子。,1
"十几排环形桌椅,中间会有过道，这个会议室适合于研讨会，学术会议，晚会等。",2
同心圆由内向外辐射，海报和人数。,3
这个会议室适合进行小组讨论，环绕布局。,5
阶梯教室类型，多排教室椅阶梯排布，中间是讲台，这个会议室用途是上课。,0
椅子随意摆放，可以随意讨论，椅子随意摆放，无桌子，后方有展板，有介绍的详细信息，我想拿这个会议室进行学术讨论。,3
我想开展讨论会、公司决策会，排布很正式，能看到最前面的投影。,5
这个会议室用途是小组讨论，学术会议。,5
此虚拟会议室目的是开展学术会议。,2
此虚拟会议室目的是开展年会，晚会，拍卖会，拥挤的八人桌，中间的窗帘拉开了一半。,1
六张桌子组成三排，中间有一个过道，每排桌子有8个椅子，最前面有讲台和投影。,2
椅子很少，围绕一张桌子，面向多媒体，空间比较小，有投影仪、有电脑。,4
这个会议室用途是授课、班级或年级会议。,2
桌子和椅子一配一，比较多车，围成小半圆形，有二层，灯光比较分散，桌子面向一个方向。,2
我想开展学术会议，演讲。,0
彼此面对，靠的很近，围成一个圈，一圈蓝椅子随意地围成一圈，椅子都面向中间，我想拿这个会议室进行讨论会、沙龙。,3
我想开展学术会议小组讨论，U型桌，镜子。,5
这个会议室适合进行学术会议，展会，视线比较集中在中央。,0
我想开展小组讨论，没有桌子，只有椅子，椅子大致围成一圈，相当简陋。,3
我想开展小组讨论。,3
这个会议室适合进行教室、上课。,2
这个会议室用途是年会，商务会议，两侧长桌对应了多把椅子，长桌中间有一短桌对应了四把椅子，每扇落地窗边各有一个沙发椅。,5
这个会议室适合进行小组讨论，扁平化，多层环形排列，地板、墙纸色彩丰富。,3
这个会议室适合于各种会议。,5
这个会议室用途是上课，阶梯教室类型，多排教室椅阶梯排布。,0
我想开展年会，晚会。,1
这个会议室用途是小组讨论，年会，中间有一个桌子，左右两侧都有九把椅子，后方有一把椅子。,4
这个会议室用途是讨论。,3
椅子数量较多，可以容纳很多与会者，满足了听众多的要求，所有椅子面向同一个方向，方便参与者观看同一个演讲或者演示，阶梯教室里有7排椅子，中间有过道，除最后一排是14个椅子，其他排都是12把椅子，这个会议室适合于学术会议，讲座，宣讲会。,0
多个圆桌餐桌，周围配有椅子，有舞台、地板、音响，餐桌。,1
都面向前方且有桌子，五排椅子，每排椅子都有四张桌，此虚拟会议室目的是开展学术会议。,2
此虚拟会议室目的是开展比较正式的会议，工作会议，学术会议，每个人既可以看到彼此的面部，也可以看到白板的内容，在能认真听讲话人讲话的同时，还能够面对彼此，一定程度上促进交流，好几张桌子呈U型拼接在一起，即一个长方形但一个宽边没有桌子，椅子围着桌子外围摆放，一共有三侧椅子，每个椅子前都有茶杯、纸张，桌椅前面有投影仪。,5
中间有一张半环形桌子，四周整起排列着椅子，窗户较大，透光性很好。,5
五张椅子围成一圈，没有桌子，旁边有宽敞的窗户，座椅拜访很随意，没有桌子，很紧凑，促进大家的交流。,3
此虚拟会议室目的是开展学术会议、展览报告、宣讲会、讲座。,0
这个会议室适合于大型报告，展会，晚会，年会，多列多排可下放式座椅，后排高于前排，无桌子，封闭式环境，点线结合式灯光。,0
这个会议室适合进行年会、晚会。,1
我想开展讨论会，一张桌子，有五个椅子，桌子最前面靠墙。,4
桌椅按排组织，从前到后逐渐身高，舞台后有白色幕布，整体体积大，容纳人数多，且舞台上看不到后方，方便摸鱼。,2
我想开展年会，两大列座位分布在道路两侧，每大列座位由数列、数行座位组成。,0
我想开展小组会议。,1
这个会议室用途是小组会议，有一张成U型的桌子，U型的口正对投影幕布，U型的外侧每一侧放置2-4张椅子，房间一侧有投影幕布，另一侧有窗户。,5
这个会议室适合进行展示，讲座，椅子整齐排列在会议室，灯光比较亮。,0
只有座椅但很密集，座椅前方空间宽阔，多列多排可下放式座椅，后排高于前排，无桌子，封闭式环境，点线结合式灯光，这个会议室适合于大型报告，展会，晚会，年会。,0
我想开展小型座谈会，四张中心围绕的沙发表明他们是会议的核心发言人，外圈的两排椅子表明有许多发言频次很低的听众，会议室内没有投影，说明不需要对特定图片和复杂数据信息进行展示，可以表明他们讨论的是偏人文社科定性方向的议题。,3
椅子围绕桌子，有多张桌子分布在会议室内。,1
拥挤的八人桌，中间的窗帘拉开了一半。,1
四组长桌椅分布在会议室的两侧，每侧各两组，每张长桌对应五把椅子，讲台在会议室前中央，窗户在讲台对面，此虚拟会议室目的是开展学术会议。,1
典型的教室，阶梯教室多排桌椅，宽大的窗户，前方有个讲台，这个会议室用途是上课。,2
没有桌子，椅子从房间头到房间尾由低到高放置在阶梯上，全部面朝同一方向，椅子面朝的方向有一面投影幕布，房间中间的天花板上有投影仪，房间内无窗，灯光偏暗，房间一侧有一个挡板，椅子面朝的方向有一面投影幕布，房间无窗。,0
这个会议室适合于学术会议，讲座，宣讲会，椅子数量较多，可以容纳很多与会者，满足了听众多的要求，所有椅子面向同一个方向，方便参与者观看同一个演讲或者演示。,0
这个会议室适合于学术会议，小组讨论，一样大的会议桌，两侧排放椅子。,4
排布很正式，能看到最前面的投影，几张桌子拼成u的形状，即三面有桌椅，一面没有桌椅，每个桌子前都有椅子，我想开展讨论会、公司决策会。,5
里外有几层座位，环环围绕成一个圈，没有桌子只有椅子，间距不一，较为随意，可移动，环形，紧凑，随意。,3
里圈有一圈三四个演讲者椅子，外圈是四圈参会人的椅子。,3
此虚拟会议室目的是开展小组讨论，摆放位置较随意，有白板，联通教室有书架。,3
此虚拟会议室目的是开展小组讨论。,2
这个会议室适合进行小组讨论，环绕布局，宽大的桌子，5个座位环绕布局，前方有投影。,5
此虚拟会议室目的是开展学术会议，桌子和椅子一配一，比较多车，围成小半圆形，有二层，灯光比较分散。,2
这个会议室适合进行小型学术会议，小型汇报。,0
此虚拟会议室目的是开展小组讨论，每六个桌子成一组，围成一个六边形，房间内多组桌子错落排放，每组桌子的一条边上放置一张椅子，房间一侧有显示屏和讲台。,1
一张白色圆桌周围有八把白色，前方有屏幕。,4
我想拿这个会议室进行学术会议。,0
我想开展小组讨论，长方形桌子，周围围着椅子，窗户。,4
这个会议室用途是学术会议，海报和人数，同心圆由内向外辐射。,3
阶梯教室多排桌椅，宽大的窗户，前方有个讲台。,2
围绕着中心，更适合看人汇报，距离比直排桌近，更适合讨论，桌子三面围绕，中间两把椅子，两边分别四把椅子，这个会议室用途是小组讨论，汇报。,5
此虚拟会议室目的是开展小组讨论，展会，年会，晚会，几张大桌子，每张桌子周围排列着椅子。,1
我想拿这个会议室进行年会，晚会，有舞台，更适合调动晚会氛围，提供表演环境；圆形桌椅摆放适合晚会布局需求，方便交谈。,1
有很多桌子很多椅子，桌子排列呈U型，椅子分布在桌子分一侧，这个会议室适合进行学术会议。,5
没有桌子，只有椅子，椅子较整齐的分成两部分放置在室内，椅子上有纸和笔，有讲台、有投影仪，光比较明亮，我想开展展示评价、头脑风暴。,3
我想拿这个会议室进行公司会议、组会，三面有椅子，都能看到最前面的投影，u型会议室，由很多张桌子拼成一个大型u型会议桌，会议桌三边围绕着许多椅子，最前面有投影，右边有一整面落地窗。,5
我想开展学术会议。,4
我想拿这个会议室进行小组讨论，学术会议，一张大桌子，很多张椅子，椅子围在桌子周围。,4
桌椅摆放情况方便面向一个方向，一整个环形长桌分布，单侧配若干椅子，投影，窗户，白板，这个会议室适合进行学术会议，公司会议。,5
这个会议室适合于小组讨论。,4
这个会议室适合进行讨论课、小组讨论、团建，单独的桌子配一个椅子，很多组桌椅中间围着一个圆形的桌子，旁边有窗户。,3
多列多排可下放式座椅，后排高于前排，无桌子，封闭式环境，点线结合式灯光。,0
我想开展讲坛，所有座位环绕中心布局，只有椅子放射状布局，会议室四周各自有投影。,3
我想开展小组。,1
这个会议室适合进行学术会议，组会。,4
我想开展小组讨论，没有桌子。,3
分散，这个会议室适合进行小组讨论。,1
此虚拟会议室目的是开展小组讨论、展会，会议室中心有一圆桌，周围六张椅子围绕该桌子，其他桌子环绕着这一桌椅组合摆放。,3
有四个弧形的长桌子，中间的空间有很多把椅子。,2
此虚拟会议室目的是开展学术会议。,2
这个会议室适合进行学术会议，小组讨论，视线比较集中，有展示的地方，方便一个人重点介绍，桌子和椅子一配一，围成版方形，有投影。,5
我想开展班会。,3
此虚拟会议室目的是开展看电影、看表演，没有桌子只有椅子。,0
这个会议室适合于讲座、学术会议，都面向前方。,0
这个会议室适合于小组讨论，年会，桌子在中心，有一圈椅子围绕在桌子附近，还有一圈椅子环绕在外面。,3
椅子围成一圈，我想拿这个会议室进行小组讨论。,3
我想拿这个会议室进行小组讨论，椅子围成一圈。,3
无桌子，椅子比较豪华，面向一个大屏幕，有大屏幕，整体为红色系，我想开展展会，晚会。,0
整齐分布，较为紧凑，2列3排，分布较为紧凑整齐。,2
几张大桌子，每张桌子周围排列着椅子，黄色调，无投影，显示屏较小。,1
这个会议室适合于学术会议，展会，比较专业，排列较为整齐。,4
这个会议室用途是小组讨论，汇报，围绕着中心，更适合看人汇报，距离比直排桌近，更适合讨论，桌子三面围绕，中间两把椅子，两边分别四把椅子，一面临窗，中间一台投影仪。,5
我想开展小课堂。,2
这个会议室适合于学术会议，年会。,2
这个会议室适合进行展会、小型讲座。,0
一张桌子配一张椅子，面向讲台，比较集中。,2
这个会议室用途是课程教学。,2
多个圆桌餐桌，周围配有椅子，有舞台、地板、音响，我想开展晚宴，婚宴。,1
这个会议室适合进行小组讨论。,3
这个会议室适合于学术会议，有很多桌子很多椅子，桌子排列呈U型，椅子全部分布在桌子的一侧。,5
我想拿这个会议室进行年会，晚会。,1
一共两大列，8小列，每大列4小列共5排椅子，正前方有一张讲桌，正前方墙上有两个投影，右侧墙上有两块黑板，此虚拟会议室目的是开展演讲，讲座。,0
每个学生可以拥有一张专属桌椅，用于书写记录课程内容；教师可以在内圈或讲台进行课程的讲授，也可以在内圈更好地与同学进行单人互动，外圈围绕着一圈小型书桌，每张书桌配有一张椅子，内圈有六张椅子围绕着一张大圆桌，此虚拟会议室目的是开展西方的教室，用于人数中等的教学活动。,3
我想开展小组讨论。,4
它是个教室，桌椅呈矩形规则分布，左上角有小屏幕，侧面有采光口，这个会议室适合于班会。,2
这个会议室适合进行学术会议，小组讨论，桌子和椅子一配一，围成版方形。,5
有一个讲台，以及一排连着的桌子和椅子，有一个白板，小组讨论，。,5
桌子和椅子成组，每六个桌子成一组，围成一个六边形，房间内多组桌子错落排放，每组桌子的一条边上放置一张椅子，此虚拟会议室目的是开展小组讨论。,1
我想开展小组讨论，规模小，布置简单，去中心化结构，面对面互动性强。,3
很多排椅子和桌子，有投影仪和窗户，此虚拟会议室目的是开展年会。,2
这个会议室适合进行沙龙，外围五圈白色椅子围绕着中间五张椅子，椅子中间有一张圆桌。,3
此虚拟会议室目的是开展展会，年会。,0
折叠椅配桌子，椅子比较豪华，一张桌子配一张椅子，视线比较集中在前部。,2
面向投影仪，相互交流方便，U型桌，镜子，我想开展学术会议小组讨论。,5
多组圆形排列，每组一张桌子。,1
此虚拟会议室目的是开展学术会议、展会。,4
八张可活动椅子围着一张圆桌，明亮的落地窗、吊灯、一个显示屏。,4
有一张长的、大的桌子，短的一端对应放映机，短的另一端放置一个椅子，领导位置，然后长的两端整齐放置椅子，有投影、有窗户。,4
投影仪位置居中，两大列座位分布在道路两侧，每大列包含数行、数列座位，道路尽头有讲台和投影仪，这个会议室适合于展会。,0
多张桌子，每张桌子围绕有多张椅子，会议室的一侧有小讲台，另一侧有数行、数列小储存柜，这个会议室适合于小组会议。,1
我想开展学术会议、小组讨论，有四排椅子，每排椅子前都由两个长桌拼成桌子。,2
这个会议室用途是小组会议。,5
很多排椅子和桌子。,2
我想开展小组讨论，课堂。,1
两大列座位分布在道路两侧，每大列座位由数列、数行座位组成，座位多而整齐。,0
这个会议室用途是小组讨论。,4
这个会议室适合于学术会议。,1
此虚拟会议室目的是开展小组讨论。,1
布局靠得很近，便于沟通，四张椅子围绕桌子的三面，这个会议室适合进行小组讨论、低于5人的研讨课、论文答辩。,4
共有三排椅子，并且有两个过道。,0
紧密排布，桌椅较多，多点阵列，一桌一椅，教师前方有讲台黑板，侧面有窗户，光线明亮，此虚拟会议室目的是开展班会。,2
我想拿这个会议室进行适合学术会议，有讨论和研究的氛围。,4
我想拿这个会议室进行小型课堂，交流课堂。,2
此虚拟会议室目的是开展上课、学术会议。,2
投影仪居中，同一桌子的人到投影仪的距离相近，多层弧形桌子，每张弧形桌子有多个椅子，此虚拟会议室目的是开展学术会议。,2
中间一圈较少的椅子作为中心，发散分布若干圈椅子，这个会议室适合进行学术会议。,3
我想拿这个会议室进行年会，晚会，宽敞，成组，阵列式方形桌，每桌围摆座椅，大型吊灯，有大投影屏幕，空间宽敞。,1
这个会议室适合进行年会、晚会，有许多个圆桌彼此分开，这样既能看到最前方的讲台，也能方便小部分人彼此深度交流。,1
此虚拟会议室目的是开展小组讨论，有一张长方形桌子，桌子较长的两侧放置5张椅子，房间一侧有飘窗，桌子上方的天花板有挂灯。,4
此虚拟会议室目的是开展学术会议，比较正式，作为宽敞，有投影仪，有扩音器，按行排列桌椅，一张桌子配一张椅子。,2
这个会议室用途是学术会议。,5
没有桌子，只有椅子，椅子大致围成一圈。,3
桌子三面围绕，中间两把椅子，两边分别四把椅子。,5
四组长桌椅分布在会议室的两侧，每侧各两组，每张长桌对应五把椅子，讲台在会议室前中央，窗户在讲台对面。,1
一张大桌子，很多张椅子，椅子围在桌子周围。,4
这个会议室适合于学术会议。,1
无桌子，相同数量的椅子分布在会议室两侧，方向相对，会议室一侧有讲台。,3
外圈有十几张白椅子，围成一个圈，内圈有七、八张椅子，都面向中间，内外圈共有两圈，这个会议室适合进行讨论、沙龙。,3
几十张圆桌均匀分布，每张桌子上10个座位，有一个主舞台。,1
桌椅呈U字型排列，面向投影仪，座椅视线焦点集中、突出重点。,5
好几张桌子呈U型拼接在一起，即一个长方形但一个宽边没有桌子，椅子围着桌子外围摆放，一共有三侧椅子，此虚拟会议室目的是开展比较正式的会议，工作会议，学术会议。,5
多个圆桌，周围摆放着朝着同一方向的若干把椅子，有窗户，地毯，此虚拟会议室目的是开展年会、晚会。,1
长桌两侧各有几把椅子，有一个投影，会议室落地窗，我想拿这个会议室进行适合学术会议。,4
这个会议室适合进行学术会议，学术授课，桌椅阶梯式分布。,2
五列圆桌，每个圆桌围绕半圈椅子，椅子都朝向正前方，正前方有一个投影，两侧有两个吊灯，这个会议室用途是晚会，年会。,1
环绕的长桌和椅子，投影和讲台，这个会议室适合进行学术会议。,5
此虚拟会议室目的是开展年会、晚会，多个圆桌，周围摆放着朝着同一方向的若干把椅子，有窗户，地毯。,1
座椅多，桌子长，大型较长的凹形桌，座椅紧密排布，有投影，灯光辉煌明亮，中间一盆绿植，这个会议室适合于大型会议，政治会议。,5
这个会议室适合进行小组讨论，学术会议，课桌椅。,2
大量的座位呈扇形同心圆围绕着主演讲台分布，这个会议室适合于学术报告。,0
这个会议室适合于学术报告。,0
中间有一个大桌子，椅子分布在桌子的周围，这个会议室适合于小组讨论。,4
一整个环形长桌分布，单侧配若干椅子，投影，窗户，白板。,5
标准圆圈状排列。,3
这个会议室适合于比赛，很多排椅子围成几个同心圆，没有桌子。,3
这个会议室适合进行小组讨论、研讨会、组会，八张椅子围着一张圆桌。,4
此虚拟会议室目的是开展展会，讲座，大型课堂，两列多排桌椅，分布紧密，房间正前方有投影，环形灯光。,2
数排座椅整齐排列为方阵，墙壁由黄白的梯形和三角形拼成，我想开展上课、展会。,0
这个会议室用途是展会，晚会，年会。,1
整个教室有两大列桌椅，中间有一个过道，我想拿这个会议室进行上课。,2
我想拿这个会议室进行课堂讨论，各椅子离其他椅子，讲台距离近。,3
普通的教室布局，有四排椅子，每排椅子前都由两个长桌拼成桌子，两边围绕窗户，我想开展学术会议、小组讨论。,2
我想拿这个会议室进行小组讨论，学术会议。,4
长的u型桌子，最前面一面没有桌子，其他三面都有桌子和椅子，最前面有投影，左边有窗户。,5
这个会议室适合进行小组讨论，宽大的桌子，5个座位环绕布局。,5
没有桌子，有多排黑色的椅子，此虚拟会议室目的是开展学术会议，小组讨论。,0
一个长方形桌子，桌子两边有十几张椅子，最前面有个屏幕，彼此面对，做得很紧凑，还有桌子可以摆放电脑。,4
桌子和椅子围在一起，这个会议室适合进行小组讨论。,1
这个会议室用途是学术会议、小组讨论、展会，讲台桌位于会议室前方，桌子竖向面向讲台桌，椅子呈U字形环绕桌子，讲台桌面向落地窗，地面铺竖条拼接的地毯。,4
桌椅分组，会议室中间有一张圆桌，它的东南西北四个方向各有一排桌椅，这一排桌椅是由三个桌椅拼在一起的，一侧墙面有投影，它的对面和右侧是黑板，讲台在投影的左侧，这个会议室用途是小组讨论。,3
两圈椅子面向中间，最中间的椅子更加紧密，很紧密，彼此能看到对方表情。,3
这个会议室用途是小组讨论，整个会议室分为五组桌椅，每组桌椅是由梯形单人桌围城的六边形大桌，周围有六把椅子，教室前方有两个电视。,1
我想拿这个会议室进行小组讨论，以教室中轴线为分界线，两边对称，每一边由内向外呈扇形分布，正常教室布局结构。,3
这个会议室用途是公司会议，皮质椅子，一张桌子，一张长方形大会议桌，周围围绕若办把皮质椅子。,4
这个会议室用途是小组讨论、组会、教学类的会议，布局由好几个桌椅围成的小圈组成，每个小圈由6张桌椅组成。,1
这个会议室适合于展会，投影仪位置居中。,0
环形整齐排列。,5
多层弧形桌子，每张弧形桌子有多个椅子。,2
很多组桌椅，若干椅子围着一个桌子，四周都是墙壁。,1
各位置到投影仪距离相近且无遮挡，C型、环形的桌子和椅子，C型桌子的缺口处有讲台和投影仪，这个会议室适合于学术会议。,5
视线比较集中在中央，无桌子，有椅子，椅子为折叠的沙发椅，围成大的半圆形，这个会议室适合进行学术会议，展会。,0
此虚拟会议室目的是开展比较正式的会议，工作会议，学术会议，每个人既可以看到彼此的面部，也可以看到白板的内容，在能认真听讲话人讲话的同时，还能够面对彼此，一定程度上促进交流。,5
我想开展感觉做啥都不行，没桌子开不了正式会议，又挤，不适合娱乐，4*5分布的可收起座位，顶端有圆点式的照明。,0
中型会议室，多排课桌椅，中间有走道，投影仪，落地窗，地板，课桌椅。,2
此虚拟会议室目的是开展西方的教室，用于人数中等的教学活动，每个学生可以拥有一张专属桌椅，用于书写记录课程内容；教师可以在内圈或讲台进行课程的讲授，也可以在内圈更好地与同学进行单人互动。,3
没有桌子，没有桌子，椅子排成一圈，有多圈，简易椅子，大房间，这个会议室适合于展会，宣讲。,3
大会堂，类似剧院和电影院，没有桌子，多排椅子，没有窗户，房间大，顶灯，大会堂。,0
没有桌子，椅子围绕中心点分散开来，这个会议室适合于小组讨论。,3
凹形桌，外围环绕摆放椅子，我想开展学术会议，办公会议，校园展览。,5
这个会议室用途是年会，商务会议，商务，两侧长桌对应了多把椅子，长桌中间有一短桌对应了四把椅子，每扇落地窗边各有一个沙发椅。,5
我想拿这个会议室进行晚会，年会，有很多圆形的桌子，每个桌子周围带有十把椅子。,1
多层环形排列，这个会议室适合进行小组讨论。,3
没有桌子，椅子从房间头到房间尾由低到高放置在阶梯上，全部面朝同一方向，此虚拟会议室目的是开展影视展览会议。,0
无桌子，椅子比较豪华，面向一个大屏幕，视线较集中，无桌子，氛围比较轻松。,0
此虚拟会议室目的是开展小组讨论，比较小，参会者距离近，有方便讨论的白板。,5
这个会议室适合进行学术会议，展会，无桌子，有椅子，椅子为折叠的沙发椅，围成大的半圆形，整体颜色为蓝色，有讲台。,0
一圈椅子排列成一个环放置，在环的两侧再沿着环防两排椅子，环的中心放置四张椅子和一张小圆桌，环的中心放置四张椅子和一张小圆桌。,3
没有桌子，有多排黑色的椅子。,0
我想拿这个会议室进行年会，晚会，阵列式方形桌，每桌围摆座椅，大型吊灯，有大投影屏幕，空间宽敞。,1
我想开展展会，晚会，视线较集中，无桌子，氛围比较轻松。,0
这个会议室适合于上课。,2
围绕一张小桌子，几十张椅子围绕中心点向四周呈射线式分散，聚集在一个中心，且在同一平面上便于交流，人数较多。,3
这个会议室适合于小组讨论，分组布局，每组可以方便交流，四张椅子围绕着一张小桌子，一共有多组这样的桌椅组合布满整个房间。,1
正方形的桌子间隔放置，每张桌子的靠近摄像头的两侧各放两张桌子，房间一侧有窗帘和窗户，没有投影，没有讲台，天花板上有挂灯。,1
这个会议室适合进行采访会议，环的中心放置四张椅子和一张小圆桌，一圈椅子排列成一个环放置，在环的两侧再沿着环防两排椅子，环的中心放置四张椅子和一张小圆桌。,3
此虚拟会议室目的是开展学术会议、研讨会，u型桌子，比较扁，三面都有椅子，最前面有投影和白板，左边是落地窗。,5
一样大的会议桌，两侧排放椅子，很大的落地窗，这个会议室适合于学术会议，小组讨论。,4
排列较为整齐。,4
五张桌子分布摆放，其中一张桌子位于会议室正前方，四张桌子两两分散在左右两侧，每张桌子配置五张椅子，每张桌子旁的椅子摆放结构与桌子和会议室的相对关系相同，这个会议室适合进行小组讨论、小型报告、年会。,1
此虚拟会议室目的是开展教室、考试。,2
u型会议室，由很多张桌子拼成一个大型u型会议桌，会议桌三边围绕着许多椅子，最前面有投影，右边有一整面落地窗。,5
我想拿这个会议室进行上课，整个教室有两大列桌椅，中间有一个过道。,2
小会议室，座位容纳6-8人，环绕演讲者，桌子拼成环形结构，有一个投影幕布，这个会议室用途是小组讨论。,5
我想开展小组讨论，每个房间只有一张圆形桌子，配若干休闲靠背座椅。,4
有很多桌子，桌子排列呈U型，很多椅子分布在桌子的一侧，我想拿这个会议室进行学术会议。,5
椅子围绕中心圆形放置逐渐向外扩展，最内圈是五把黄色的椅子，外围是黑色的椅子，此虚拟会议室目的是开展小组讨论，学术会议。,3
椭圆形白色桌，围摆座椅。,4
没有桌子，椅子拼成一个圈。,3
U型桌，镜子，我想开展学术会议小组讨论。,5
有七排椅子呈阶梯状分布，并且分为左右两部分，没有桌子，上方有一个摄像头。,0
中心化，规模适中，有投影设备，由中心向外呈同心圆状排列，这个会议室用途是学术会议，座谈会。,3
一张桌子配一张椅子，围在一起，有窗户，有小装饰品。,5
分散，分散，这个会议室适合进行小组讨论。,1
这个会议室适合进行小组讨论，较为简单的桌椅摆置，梯形桌子围成了一个圈，周围摆上办公椅子。,1
我想开展展会，年会，晚会。,0
凹形桌，外围环绕摆放椅子，凹口放置了投影仪，地面有地毯，灯光以点灯源居多，宽敞，明亮，有投影。,5
环绕的长桌和椅子，投影和讲台，环绕的布局。,5
同心圆由内向外辐射。,3
有许多张圆桌子，但是都分散在会议室各个部分，不靠在一起，每张桌子围绕着七张椅子，每个圆桌最前面没有椅子，有很多张桌椅子，能看到前面也能看到彼此。,1
有讲台，黑板，教室，独立座椅，排列整齐，有讲台、黑板，课程表，挂式电视、音响，这个会议室适合进行课程、小组讨论。,2
这个会议室用途是晚会，年会，五列圆桌，每个圆桌围绕半圈椅子，椅子都朝向正前方。,1
这个会议室适合于学术讨论，演说。,2
我想拿这个会议室进行讨论会、沙龙，彼此面对，靠的很近，围成一个圈。,3
桌椅呈U字型排列，面向投影仪，此虚拟会议室目的是开展年会、项目展示。,5
有许多张圆桌子，但是都分散在会议室各个部分，不靠在一起，每张桌子围绕着七张椅子，每个圆桌最前面没有椅子，最前面是站台，这个会议室适合于年会、晚会。,1
三面有椅子，都能看到最前面的投影，u型会议室，由很多张桌子拼成一个大型u型会议桌，会议桌三边围绕着许多椅子，我想拿这个会议室进行公司会议、组会。,5
按列和排规律分成三列排布，有两个过道，一侧有较大的窗户，有黑板、投影仪、顶灯。,2
一张大桌子，座位分列两侧，这个会议室用途是商业会议。,4
四张椅子围绕桌子的三面，布局靠得很近，便于沟通。,4
这个会议室适合进行公司会议。,5
这个会议室适合进行沙龙，大家都能看到中间的说话者。,3
此虚拟会议室目的是开展学术会议，四组长桌椅分布在会议室的两侧，每侧各两组，每张长桌对应五把椅子。,1
这个会议室适合进行采访会议，环的中心放置四张椅子和一张小圆桌。,3
这个会议室用途是年会，商务会议，商务。,5
这个会议室适合于学术报告，大量的座位呈扇形同心圆围绕着主演讲台分布。,0
有很多圆桌，每一个圆桌的周围有很多把椅子。,1
这个会议室用途是学术会议，海报和人数。,3
这个会议室适合于学术会议，两排桌椅，长条桌配若干办公椅。,2
这个会议室适合于小组讨论，每个圆桌将人聚集在一起，以大圆桌的方式组织，根据会议室大小圆桌均匀分布在会议室内。,1
这个会议室用途是公司会议。,4
每六个桌子成一组，围成一个六边形，房间内多组桌子错落排放，每组桌子的一条边上放置一张椅子，桌子和椅子成组。,1
"这个会议室适合于研讨会，学术会议，晚会等，十几排环形桌椅,中间会有过道。",2
几张小桌围绕一个圆桌，黑板投影适合学术展示与交流，桌椅相邻较近适合讨论，面积不够大去开晚会。,3
有很多排椅子，一个讲台和一扇门。,0
这个会议室适合于学术会议，讲座，宣讲会，阶梯教室里有7排椅子，中间有过道，除最后一排是14个椅子，其他排都是12把椅子。,0
这个会议室适合于小组讨论。,3
视线比较集中在前部，折叠椅配桌子，椅子比较豪华，一张桌子配一张椅子，蓝色窗帘，有讲台，我想开展学术会议。,2
多个圆桌，周围摆放着朝着同一方向的若干把椅子，有窗户，地毯。,1
这个会议室适合于年会，晚会。,1
桌子分散，且有中间焦点，五张桌子分布摆放，其中一张桌子位于会议室正前方，四张桌子两两分散在左右两侧，每张桌子配置五张椅子，每张桌子旁的椅子摆放结构与桌子和会议室的相对关系相同，正前方桌子面向窗户，两侧窗帘为暗灰色，天花板为LED顶灯，这个会议室适合进行小组讨论、小型报告、年会。,1
我想开展学术会议，中间有一个大桌子，很多椅子分布在桌子的周围，投影仪和窗户。,4
一张长方形的桌子，四面都有椅子，竖着摆放，做得很近，而且互相面对，可以看到每个人的表情。,4
桌子椅子间隔排列，会议室很大，窗户很多。,2
这个会议室适合于大型课堂教学，讲座，学术报告，阶梯式，座椅多，弧形桌，后排高于前排，皮质椅，有大窗户，房间前有白板和屏幕，灯光柔和。,2
这个会议室适合于小组讨论，工作讨论。,4
此虚拟会议室目的是开展西方的教室，用于人数中等的教学活动，每个学生可以拥有一张专属桌椅，用于书写记录课程内容；教师可以在内圈或讲台进行课程的讲授，也可以在内圈更好地与同学进行单人互动，外圈围绕着一圈小型书桌，每张书桌配有一张椅子，内圈有六张椅子围绕着一张大圆桌。,3
我想开展学术会议，展会，年会，座位充足，座位分布有明显中心化倾向。,3
三大列桌椅，每大列三小列，正前方靠左侧有一个讲台。,2
一圈蓝椅子随意地围成一圈，椅子都面向中间，彼此面对，靠的很近，围成一个圈。,3
这个会议室适合于小组讨论，开放式交流。,4
按行排列桌椅，一张桌子配一张椅子，有投影，广播，贴有标语，比较正式，作为宽敞，有投影仪，有扩音器。,2
凹形桌，外围环绕摆放椅子，凹口放置了投影仪，地面有地毯，灯光以点灯源居多。,5
若干圆桌，配黑色绒面座椅环绕摆放，窗户，配红色窗帘。,1
这个会议室用途是上课，典型的教室。,2
有两圈橙色的椅子，都面向一个中心点，最前面有投影仪，这个会议室用途是讨论、沙龙。,3
这个会议室适合于讲座、学术会议，都面向前方，有好多排白色的椅子，没有桌子，面向前方。,0
有很多桌子很多椅子，桌子排列呈U型，椅子分布在桌子分一侧。,5
我想开展展会、晚会。,0
此虚拟会议室目的是开展小组讨论，布局分散，无桌子，椅子随意排布。,3
有许多排红色椅子，有靠背，面向前方，中间有一个过道，最前面有一个长桌子和7张椅子，都面向前方，排列紧密。,0
我想开展公司会议、决策性会议、讨论，做得很近，而且互相面对，可以看到每个人的表情。,4
此虚拟会议室目的是开展董事会议，小组讨论，房间内只有一张长桌子，桌子较长的两侧各放置一排约九个椅子，桌子较窄的一侧放置一张椅子，较窄的另一侧正对显示屏，房间一侧有一个显示屏，另一侧是飘窗，房间内桌子正上方有两个挂灯。,4
这个会议室用途是适合学术会议和部门会议。,5
一张桌子，五把办公椅，电视适合进行在线的视频会议。,4
没有桌子，简单排列着椅子，椅子排放整齐，这个会议室适合于学术会议。,0
没桌子开不了正式会议，又挤，不适合娱乐，4*5分布的可收起座位，我想开展感觉做啥都不行。,0
没有桌子，椅子是折叠椅子。,0
这个会议室适合进行学术会议，公司会议。,5
这个会议室适合进行小组讨论。,1
我想拿这个会议室进行年会、晚会、讲座。,0
我想开展小组讨论和视频会议。,4
此虚拟会议室目的是开展演讲，讲座，主讲人突出，座椅舒适，一共两大列，8小列，每大列4小列共5排椅子，正前方有一张讲桌，正前方墙上有两个投影，右侧墙上有两块黑板。,0
我想拿这个会议室进行小组讨论，学术会议，布局集中，有是视线集中点，每个人对等，一张大桌子，很多张椅子，椅子围在桌子周围。,4
这个会议室适合进行小组讨论，左上方的讲台有一张桌子，前方和右方有直角的桌子，桌子旁边有多把椅子。,5
这个会议室适合进行学术会议，演讲，四排红色沙发椅子，每排八张，椅子有扶手和靠背。,0
此虚拟会议室目的是开展看电影、看表演。,0
椅子随意摆放，无桌子，我想拿这个会议室进行学术讨论。,3
房间内有很多圆桌，每张圆桌周围放约8张椅子，房间一侧有窗帘和窗户，另一侧有一个表演台。,1
长桌两侧分布多个座位，前方有个投影，上方有个吊灯。,4
一个圆桌，旁边围着很多椅子。,4
布局分散，无桌子，椅子随意排布，此虚拟会议室目的是开展小组讨论。,3
有八排椅子，都面向前方，没有过道，都面向前方，没有桌子，十分密集。,0
这个会议室适合进行小组讨论，桌子一小组一小组。,1
此虚拟会议室目的是开展董事会议，小组讨论。,4
椅子围成一圈，没有桌子，只有椅子围着。,3
这个会议室用途是学术会议。,0
此虚拟会议室目的是开展学术会议，小组讨论。,3
两侧长桌对应了多把椅子，长桌中间有一短桌对应了四把椅子，每扇落地窗边各有一个沙发椅，会议室前方有一投影，落地窗均分布在会议室一侧。,5
此虚拟会议室目的是开展上课，讲座，有黑板，有投影，桌椅多。,2
这个会议室适合进行商务会议，例如董事会会议或者商务谈判。,4
长桌的两侧各有一排椅子对称分布，这个会议室适合于股东大会。,4
长方形桌子放在房间中央，四周摆放办公桌椅。,4
此虚拟会议室目的是开展小组讨论。,3
梯形桌子围成了一个圈，周围摆上办公椅子，较为简单的桌椅摆置。,1
这个会议室用途是讨论、沙龙，没有桌子，都面向中心点，容易观察到每一个人的表情，有两圈橙色的椅子，都面向一个中心点，最前面有投影仪。,3
有很多圆形的桌子，每个桌子周围带有十把椅子，我想拿这个会议室进行晚会，年会。,1
我想开展小组会议，椅子围绕桌子，有多张桌子分布在会议室内。,1
一个长方形桌子，桌子两边有十几张椅子，最前面有个屏幕。,4
若干圆桌，每张桌子配椅子环绕摆放，舞台，显示屏，壁灯，落地窗帘，我想拿这个会议室进行年会，晚会。,1
一张桌子配一张椅子，有窗子，比较明亮，灯光为日光灯，有讲台，这个会议室用途是课堂。,2
这个会议室适合于小组讨论，组会。,4
我想开展小组讨论，宽松环绕。,3
这个会议室适合于小组讨论，开放式交流，座椅少，房间小巧，一张小方桌，围摆三张沙发椅。,4
多层环形排列，地板、墙纸色彩丰富，扁平化。,3
没有桌子，环绕式摆放几张椅子，有窗户。,3
C型、环形的桌子和椅子，C型桌子的缺口处有讲台和投影仪，这个会议室适合于学术会议。,5
围绕一张小桌子，几十张椅子围绕中心点向四周呈射线式分散，此虚拟会议室目的是开展交流型学术会议，年级破冰，团建游戏，演讲。,3
这个会议室用途是小组讨论，汇报。,5
我想开展公司会议，商务会谈，偏商务类型的布置更适合公司会议、商务会谈，整张长桌方便进行讨论，等级层次更分明，适合公司会议的情况，一张长桌，两边有皮质旋转椅均匀摆放。,4
此虚拟会议室目的是开展小组讨论，课堂教学，环绕式。,3
我想拿这个会议室进行年会。,0
这个会议室适合进行展会、晚会、学术会议、课堂，空间大，座位多，桌椅呈弧形阶梯布局，空间较大，类似大学教室的结构。,2
这个会议室适合进行小组讨论，五张椅子围成一圈，没有桌子，旁边有宽敞的窗户。,3
五排半圆形长桌，每一排10余张椅子，椅子数量每排递增，前方和后方都有黑板和白板，这个会议室适合于学术讨论，演说。,2
梯形桌子围成了一个圈，周围摆上办公椅子。,1
有一张长的、大的桌子，短的一端对应放映机，短的另一端放置一个椅子，领导位置，然后长的两端整齐放置椅子，这个会议室用途是公司会议。,4
我想开展公司会议，商务会谈，一张长桌，两边有皮质旋转椅均匀摆放，吊灯，显示屏，挂画。,4
凹形桌，整体较宽较长，桌面下空间大，座椅围摆在外侧，有投影，几面落地镜，空间宽敞，桌下空间支持灵活坐姿。,5
几张按列和排分布的圆形桌子，有红色座椅围绕每张桌子摆放，方向都向正前方，投影，吊灯，讲台，酒杯。,1
这个会议室用途是年会，商务会议。,5
椅子连在一起，椅子上带有小桌板，分布在会议室后方。,0
长桌两侧各有几把椅子。,4
此虚拟会议室目的是开展年会，晚会，拍卖会。,1
座位环绕布局适合交流，三边U形布局的长桌，长桌的外侧有多把椅子，这个会议室用途是适合学术会议和部门会议。,5
大会堂，大会堂，阶梯，多排桌子，阶梯状窗户，投影仪，灯带，我想开展晚会，学术会议，年会。,2
桌子很大，长条桌，周围是椅子，这个会议室适合于学术会议。,5
桌子由房间头到房间尾从低到高逐层放置在台阶上，每层上的桌子排列成直线，椅子是桌子自带的，这个会议室适合于学术会议，年会。,2
这个会议室适合进行吃饭，圆桌。,1
这个会议室用途是研讨会、组会、小组讨论，彼此面对，做得很紧凑，还有桌子可以摆放电脑。,4
分小组分布，没有窗户感觉很压抑。,1
这个会议室适合进行公司会议，桌椅排布很正式，u型，长的u型桌子，最前面一面没有桌子，其他三面都有桌子和椅子。,5
我想拿这个会议室进行年会、晚会、讲座，没有桌子，排列紧密而且正式。,0
这个会议室适合进行沙龙，大家都能看到中间的说话者，外围五圈白色椅子围绕着中间五张椅子，椅子中间有一张圆桌，墙上有一个投影，一侧有落地窗。,3
我想开展小组讨论。,4
这个会议室适合于学术会议。,2
我想拿这个会议室进行年会，晚会，椅子较多。,0
大致呈园圈状排列，有白板，联通式结构。,3
此虚拟会议室目的是开展西方的教室，用于人数中等的教学活动，外圈围绕着一圈小型书桌，每张书桌配有一张椅子，内圈有六张椅子围绕着一张大圆桌，正面有一个讲台，还有美国国旗，侧面有两张窗子。,3
这个会议室用途是小组讨论，面对面布局。,1
"大量、开放、开阔，十几排环形桌椅,中间会有过道，这个会议室适合于研讨会，学术会议，晚会等。",2
长方形桌子放在房间中央，椅子围绕桌子摆放，桌子正上方有一盏灯。,4
桌椅密集，桌椅分布在教师中间走廊的两侧，一张长桌对应两把椅子，一侧有三张长桌，会议室前方有一块黑板，这个会议室用途是课程教学。,2
每个房间只有一张圆形桌子，配若干休闲靠背座椅，吊灯，显示屏，我想开展小组讨论。,4
五排桌椅，两侧有过道；每个带桌布的长桌配四张椅子，投影，演讲台，一侧落地窗，透光窗帘，我想开展小型学术会议。,2
投影仪居中且屏幕大，数排、数列带桌子的椅子，所有椅子的前方有讲台和投影仪，会议室侧边有黑板，我想拿这个会议室进行学术会议。,0
这个会议室适合于讲座、学术会议。,0
这个会议室适合进行小组讨论，可容纳人数较少、中心化、可活动较自由。,4
折叠椅配桌子，椅子比较豪华，一张桌子配一张椅子，蓝色窗帘，有讲台，我想开展学术会议。,2
有几张桌子零散的分布，每张桌子带走多把椅子，这个会议室适合进行小组讨论。,3
我想开展小组讨论，一个圆桌，旁边围着很多椅子。,4
这个会议室适合于小组讨论。,1
这个会议室适合进行年会、晚会，有好多个圆桌彼此分开，每个圆桌各有10个椅子，围绕着圆桌，最前面有一个大讲台。,1
布局由好几个桌椅围成的小圈组成，每个小圈由6张桌椅组成，一个铁质小讲台和两个大屏幕，这个会议室用途是小组讨论、组会、教学类的会议。,1
这个会议室适合于学术会议，前排桌子不会遮挡后排，数排长条形状的桌子，每排有数个椅子。,2
有许多排红色椅子，有靠背，面向前方，中间有一个过道，最前面有一个长桌子和7张椅子，我想拿这个会议室进行讲座、宣讲会。,0
我想开展小课堂，分布较为紧凑整齐，整齐分布，较为紧凑，2列3排。,2
这个会议室适合进行小组讨论、低于5人的研讨课、论文答辩，布局靠得很近，便于沟通，四张椅子围绕桌子的三面。,4
整齐放置多排长桌子，每排桌子放置椅子，有窗户。,2
此虚拟会议室目的是开展年会、项目展示。,5
这个会议室用途是学术会议、小组讨论、展会。,4
没有桌子，环绕式摆放几张椅子，有窗户，这个会议室适合于小组讨论。,3
"十几排环形桌椅,中间会有过道。",2
分组，四组长桌椅分布在会议室的两侧，每侧各两组，每张长桌对应五把椅子，此虚拟会议室目的是开展学术会议。,1
小会议桌，围绕5-6把办公椅，小房间，有显示器、地毯，没有窗户，这个会议室适合于小组讨论。,4
一张很大的原木色长桌，周围摆放着许多白色滑轮椅子，桌子的两端各有一把椅子，落地窗，壁挂电视，短绒地毯，装饰多为原木色、灰色、白色的商务风格。,4
我想开展小组讨论，课堂，桌子较多，若干张梯形课桌拼成六边形，每个边有一把椅子，大房间内有多个六边形。,1
此虚拟会议室目的是开展学术会议，小组讨论，黑板投影适合学术展示与交流，桌椅相邻较近适合讨论，面积不够大去开晚会。,3
这个会议室适合于班会，它是个教室，桌椅呈矩形规则分布。,2
这个会议室适合于小组讨论，每个圆桌将人聚集在一起。,1
这个会议室适合进行商务会议，例如董事会会议或者商务谈判，可容纳人数多，宽大的长桌，桌椅比较精致舒适，商务风的装饰。,4
这个会议室适合进行小组讨论，座椅拜访很随意，没有桌子，很紧凑，促进大家的交流。,3
这个会议室适合进行晚会，年会，共有三排椅子，并且有两个过道。,0
我想拿这个会议室进行小组讨论。,3
这个会议室适合进行上课、小组讨论，四张小桌子拼成一个大桌子，每个桌子一张椅子。,1
我想开展晚会，学术会议，年会，大会堂，阶梯，多排桌子，阶梯状窗户，投影仪，灯带。,2
这个会议室适合进行上课，有很多排桌子和很多排椅子，有很多窗户。,2
六张桌子组成三排，中间有一个过道，每排桌子有8个椅子，最前面有讲台和投影，几排桌子面向前面。,2
此虚拟会议室目的是开展展会，年会，椅子数量多且全部面朝同一方向，没有桌子，椅子从房间头到房间尾放置在阶梯上，全部面朝同一方向，椅子数量多，房间的一侧似乎有一个讲台，房间中间的天花板上有一个投影仪，房间无窗。,0
很多组桌椅，若干椅子围着一个桌子，四周都是墙壁，这个会议室适合于上课、小组讨论。,1
这个会议室用途是研讨会、组会、小组讨论。,4
成组分散，座椅围坐，有窗户和置物柜，一个小讲台，这个会议室适合进行小组讨论。,1
主讲人突出，座椅舒适，一共两大列，8小列，每大列4小列共5排椅子，正前方有一张讲桌，正前方墙上有两个投影，右侧墙上有两块黑板，此虚拟会议室目的是开展演讲，讲座。,0
这个会议室适合于小组讨论，没有桌子，椅子围绕中心点分散开来。,3
这个会议室适合于学术会议，C型、环形的桌子和椅子，C型桌子的缺口处有讲台和投影仪。,5
我想拿这个会议室进行课堂讨论。,3
有很多排椅子，我想拿这个会议室进行学术会议。,0
面积适合，座位有限，面对面互动性强，以教室中轴线为分界线，两边对称，每一边由内向外呈扇形分布，正常教室布局结构，我想拿这个会议室进行小组讨论。,3
圆形排布利于讨论，椅子围绕中心圆形放置逐渐向外扩展，最内圈是五把黄色的椅子，外围是黑色的椅子，此虚拟会议室目的是开展小组讨论，学术会议。,3
我想拿这个会议室进行学术会议，年会，有四个弧形的长桌子，中间的空间有很多把椅子，讲台上有一个屏幕。,2
此虚拟会议室目的是开展小组讨论，学术会议，圆形排布利于讨论，椅子围绕中心圆形放置逐渐向外扩展，最内圈是五把黄色的椅子，外围是黑色的椅子。,3
长方形桌子，窗户、投影，窗外是自然风光，我想开展小组讨论、学术会议。,5
好多排椅子，没有桌子，都面向前方，排列整齐。,0
u型桌子，比较扁，三面都有椅子，此虚拟会议室目的是开展学术会议、研讨会。,5
这个会议室适合于年会，主席台上可以坐领导，多排阶梯上排列联排教室椅。,0
这个会议室用途是学术会议，小组讨论，有投影仪，桌子围成半圆。,5
长条桌子，旁边很多椅子，后面有门，旁边有窗户。,5
由若干组桌椅组成，12张椅子围着一个桌子，前方有一个舞台，舞台上有一个投影。,1
这个会议室用途是学术会议，展会，有多排椅子按照一定的间隔平行放置，一排上有很多椅子，没有桌子，有多排椅子按照一定的间隔平行放置，一排上有很多椅子，所有椅子面朝讲台。,0
我想开展年会。,0
桌子摆放成方形，周围排列着椅子，此虚拟会议室目的是开展学术会议。,5
我想拿这个会议室进行学术会议，年会。,2
教室，独立座椅，排列整齐，有讲台、黑板，课程表，挂式电视、音响，这个会议室适合进行课程、小组讨论。,2
我想开展学术会议，演讲，椅子摆放在左右两边，中间是过道，两边各有7列12排。,0
这个会议室用途是小组讨论，面对面布局，整个会议室分为五组桌椅，每组桌椅是由梯形单人桌围城的六边形大桌，周围有六把椅子。,1
桌椅阶梯式分布，窗户，投影，黑板。,2
我想开展年会，座位多而整齐。,0
桌子摆放成方形，周围排列着椅子。,5
我想拿这个会议室进行小组讨论，一张圆桌周围有五张椅子，旁边有投影，顶上有吊灯。,4
此虚拟会议室目的是开展学术会议，都面向前方且有桌子，五排椅子，每排椅子都有四张桌。,2
折叠椅配桌子，椅子比较豪华，一张桌子配一张椅子，蓝色窗帘，有讲台。,2
空间富裕，桌子大，一张大桌子，座位分列两侧，这个会议室用途是商业会议。,4
以教室中轴线为分界线，两边对称，每一边由内向外呈扇形分布。,3
我想开展学术会议、企业商业会议，一张大长桌两侧分布了多把椅子，长桌一头有一把椅子。,4
这个会议室适合于小组讨论，分组布局，每组可以方便交流。,1
中型会议室，桌子拼成环绕型，围绕演讲者，环绕型。,5
中间有一个桌子，左右两侧都有九把椅子，后方有一把椅子，这个会议室用途是小组讨论，年会。,4
我想开展年会和晚会等大型会议，十多排椅子，每排20把，在会议室前方有一个讲台。,0
此虚拟会议室目的是开展年会，很多排椅子和桌子。,2
分散。,1
椅子围绕中心圆形放置逐渐向外扩展，最内圈是五把黄色的椅子，外围是黑色的椅子。,3
多个圆桌餐桌，周围配有椅子，有舞台、地板、音响。,1
四张桌子纵向面向屏幕，摆放两行，每行两张，每张桌子两侧各三张椅子，每张桌子上摆放了六个文件夹，一个玻璃水壶和六只玻璃水杯。,1
整个教室有两大列桌椅，中间有一个过道。,2
这个会议室用途是研讨会、组会、小组讨论，彼此面对，做得很紧凑，还有桌子可以摆放电脑，一个长方形桌子，桌子两边有十几张椅子，最前面有个屏幕。,4
椅子面朝的方向有一面投影幕布，房间无窗，没有桌子，椅子从房间头到房间尾由低到高放置在阶梯上，全部面朝同一方向，此虚拟会议室目的是开展影视展览会议。,0
我想开展小组讨论，标准圆圈状排列。,3
我想拿这个会议室进行年会，椅子很多，压抑。,0
这个会议室用途是小组讨论，座位少，空间集中，小会议室，座位容纳6-8人，环绕演讲者，桌子拼成环形结构，有一个投影幕布。,5
这个会议室用途是上课，阶梯教室多排桌椅。,2
里外有几层座位，环环围绕成一个圈，没有桌子只有椅子，间距不一，较为随意，装饰色彩温暖，像学校教室，窗户较多，光线充足。,3
这个会议室适合进行学术会议，环绕的布局，环绕的长桌和椅子。,5
我想开展小型座谈会，四张中心围绕的沙发表明他们是会议的核心发言人，外圈的两排椅子表明有许多发言频次很低的听众，会议室内没有投影，说明不需要对特定图片和复杂数据信息进行展示，可以表明他们讨论的是偏人文社科定性方向的议题，外圈两排椅子围绕着内圈的四张沙发，其中两张沙发之间有一个小圆桌。,3
u型会议室，由很多张桌子拼成一个大型u型会议桌，会议桌三边围绕着许多椅子，最前面有投影，右边有一整面落地窗，三面有椅子，都能看到最前面的投影。,5
小隔间，单桌。,4
多排，紧凑，大屏幕，两列多排桌椅，分布紧密，此虚拟会议室目的是开展展会，讲座，大型课堂。,2
这个会议室适合进行课程、小组讨论，教室，独立座椅，排列整齐，有讲台、黑板，课程表，挂式电视、音响。,2
这个会议室适合进行学术会议，组会，椭圆形桌子，两侧分布着椅子，两头中的一头有一把椅子，另一头有一个屏幕，左侧落地窗，正上方两个吊灯。,4
可容纳人数较少、中心化、可活动较自由，八张可活动椅子围着一张圆桌，明亮的落地窗、吊灯、一个显示屏，这个会议室适合进行小组讨论。,4
我想开展课堂教学，讲座，紧密排布，讲台适合知识输出。,2
整个会议室分为五组桌椅，每组桌椅是由梯形单人桌围城的六边形大桌，周围有六把椅子，这个会议室用途是小组讨论。,1
桌椅布局较为整齐，椅子排列有序，红色的装饰，投影居中，我想开展展会，年会，晚会。,0
多张桌子，每张桌子围绕有多张椅子。,1
房间内只有一张长桌子，桌子较长的两侧各放置一排约九个椅子，桌子较窄的一侧放置一张椅子，较窄的另一侧正对显示屏，房间一侧有一个显示屏，另一侧是飘窗，房间内桌子正上方有两个挂灯。,4
彼此面对，做得很紧凑，还有桌子可以摆放电脑，一个长方形桌子，桌子两边有十几张椅子，这个会议室用途是研讨会、组会、小组讨论。,4
外圈两排椅子围绕着内圈的四张沙发，其中两张沙发之间有一个小圆桌，四张中心围绕的沙发表明他们是会议的核心发言人，外圈的两排椅子表明有许多发言频次很低的听众，会议室内没有投影，说明不需要对特定图片和复杂数据信息进行展示，可以表明他们讨论的是偏人文社科定性方向的议题。,3
这个会议室适合进行小型学术会议，小型汇报，5排连续的座椅，可折叠的简易桌板，布材质的座椅表面。,0
这个会议室适合于学术会议。,5
一圈椅子排列成一个环放置，在环的两侧再沿着环防两排椅子，环的中心放置四张椅子和一张小圆桌。,3
我想开展学术会议。,2
环的中心放置四张椅子和一张小圆桌，一圈椅子排列成一个环放置，在环的两侧再沿着环防两排椅子，环的中心放置四张椅子和一张小圆桌，这个会议室适合进行采访会议。,3
桌椅呈矩形规则分布，它是个教室。,2
一张长方形大会议桌，周围围绕若办把皮质椅子，这个会议室用途是公司会议。,4
这个会议室适合于小组讨论，没有桌子，环绕式摆放几张椅子。,3
一张桌子，五把办公椅，我想开展小组讨论和视频会议。,4
这个会议室适合于大型报告，展会，晚会，年会，只有座椅但很密集，座椅前方空间宽阔。,0
这个会议室适合进行小组讨论，可容纳人数较少、中心化、可活动较自由，八张可活动椅子围着一张圆桌。,4
桌子一小组一小组，桌子和椅子围在一起，有显示大屏，这个会议室适合进行小组讨论。,1
此虚拟会议室目的是开展影视展览会议，没有桌子，椅子从房间头到房间尾由低到高放置在阶梯上，全部面朝同一方向，椅子面朝的方向有一面投影幕布，房间中间的天花板上有投影仪，房间内无窗，灯光偏暗，房间一侧有一个挡板。,0
成排的塑料椅，分成三列，有两个过道，没有桌子。,0
我想拿这个会议室进行讨论会、学术会议，小组分开，且都能看到正前方。,1
此虚拟会议室目的是开展学术会议，都面向前方且有桌子。,2
我想拿这个会议室进行展会，晚会。,0
此虚拟会议室目的是开展小组讨论，学术会议，圆形排布利于讨论。,3
此虚拟会议室目的是开展年会、项目展示，桌椅呈U字型排列，面向投影仪，桌上每个座位前各放置笔记本、纸笔、矿泉水、红酒杯各一只。,5
以大圆桌的方式组织，根据会议室大小圆桌均匀分布在会议室内，这个会议室适合于小组讨论。,1
这个会议室适合进行小组讨论。,5
这个会议室用途是适合学术会议和部门会议，座位环绕布局适合交流，三边U形布局的长桌，长桌的外侧有多把椅子，宽大的落地窗，教室前方有投影。,5
外圈围绕着一圈小型书桌，每张书桌配有一张椅子，内圈有六张椅子围绕着一张大圆桌，正面有一个讲台，还有美国国旗，侧面有两张窗子。,3
长方形桌子放在房间中央，四周摆放办公桌椅，讲台在桌子前端，桌子正上方有两盏灯，落地窗在桌子左边，此虚拟会议室目的是开展学术会议、展会。,4
一张桌子配一张椅子，围在一起，有窗户，有小装饰品，这个会议室适合进行小组讨论。,5
桌椅呈U字型面向投影排列。,5
这个会议室适合于学术会议，年会，桌子由房间头到房间尾从低到高逐层放置在台阶上，每层上的桌子排列成直线，椅子是桌子自带的。,2
没有桌子，有很多排椅子，分为左右两部分，讲台上有屏幕，顶端还有灯，这个会议室用途是学术会议。,0
几张小桌围绕一个圆桌，有投影，多块黑板，许多便笺，灯光明亮。,3
此虚拟会议室目的是开展学术会议，小组讨论，没有桌子，有多排黑色的椅子。,0
我想开展小组，分小组放的桌子。,1
我想开展展会、年会、办公会议。,5
桌子和椅子固定在一起，每3个一组，排列整齐在室内。,2
若干张梯形课桌拼成六边形，每个边有一把椅子，大房间内有多个六边形，桌子较多。,1
椅子整齐排列在会议室，这个会议室适合进行展示，讲座。,0
此虚拟会议室目的是开展小组讨论，摆放位置较随意，有白板，联通教室有书架，大致呈园圈状排列。,3
我想开展小组讨论，研讨课，活动筹备会议，可移动，环形，紧凑，随意，里外有几层座位，环环围绕成一个圈，没有桌子只有椅子，间距不一，较为随意。,3
同心圆由内向外辐射，这个会议室用途是学术会议。,3
这个会议室用途是小组讨论。,1
这个会议室适合于小组讨论，晚会。,1
这个会议室适合进行上课。,2
有一张长方形桌子，桌子较长的两侧放置5张椅子，房间一侧有飘窗，桌子上方的天花板有挂灯。,4
讲台桌位于会议室前方，桌子竖向面向讲台桌，椅子呈U字形环绕桌子，讲台桌面向落地窗，地面铺竖条拼接的地毯，这个会议室用途是学术会议、小组讨论、展会。,4
这个会议室适合于学术报告，可以容纳大量参会者，主讲台有麦克风。,0
桌椅呈U字型排列，面向投影仪，桌上每个座位前各放置笔记本、纸笔、矿泉水、红酒杯各一只。,5
共有三排椅子，并且有两个过道，讲台位于中部，窗帘是拉上的，这个会议室适合进行晚会，年会。,0
几张桌子拼成u的形状，即三面有桌椅，一面没有桌椅，每个桌子前都有椅子，最前面有投影。,5
这个会议室用途是小组讨论，私密性好，小隔间，单桌，一面墙为落地窗。,4
此虚拟会议室目的是开展小组讨论，学术会议，椭圆形桌子，周围排列着椅子，窗户较大，透光性较好。,4
这个会议室适合进行课程、小组讨论，有讲台，黑板。,2
这个会议室适合进行学术会议，有很多桌子很多椅子，桌子排列呈U型，椅子分布在桌子分一侧，有很多扇窗户。,5
拥挤的八人桌，中间的窗帘拉开了一半，多，正式，有舞台。,1
此虚拟会议室目的是开展展会，年会，椅子数量多且全部面朝同一方向。,0
桌子排放成方形，周围排列着椅子，这个会议室适合进行学术会议。,5
我想拿这个会议室进行小组讨论，学术会议，布局集中，有是视线集中点，每个人对等。,4
我想开展课堂教学，讲座。,2
四张椅子围绕桌子的三面，投影靠墙，面向参会人群，这个会议室适合进行小组讨论、低于5人的研讨课、论文答辩。,4
五张椅子围成一圈，没有桌子，旁边有宽敞的窗户，这个会议室适合进行小组讨论。,3
我想拿这个会议室进行学术会议，公司会议，大会议桌，长方形会议桌，周围环绕办公椅。,4
大量的座位呈扇形同心圆围绕着主演讲台分布，主讲台背后有可拉动的大块白板，座位被栏杆分为三个扇区，可以容纳大量参会者，主讲台有麦克风。,0
中间有一个小桌子，四把大椅子，周围有很多小椅子，一扇门，这个会议室适合于学术会议。,3
这个会议室适合进行学术会议，学术授课。,2
圆桌，餐桌，没有窗户，这个会议室适合进行吃饭。,1
长桌式密集分布，一张大长桌两侧分布了多把椅子，长桌一头有一把椅子，我想开展学术会议、企业商业会议。,4
若干圆桌，每张桌子配椅子环绕摆放，舞台，显示屏，壁灯，落地窗帘。,1
桌子由房间头到房间尾从低到高逐层放置在台阶上，每层上的桌子排列成直线，椅子是桌子自带的。,2
这个会议室适合进行小组讨论，一张桌子配一张椅子，围在一起。,5
梯形桌子围成了一个圈，周围摆上办公椅子，这个会议室适合进行小组讨论。,1
我想开展小组讨论。,4
以小圆桌形式，讨论比较集中，桌子偏硬质正式，以小桌形式，一张桌子周围配置六个椅子，这个会议室适合于学术会议，小组讨论。,1
没有桌子，椅子分成若干层放置，每一层都排列成一个环，多层椅子形成多个同心圆，圆心处另外放置了5个椅子，我想开展采访会议，学术会议。,3
桌子放置为一个凹型，椅子放在桌子旁边，面对投影幕布，有多媒体投影仪，每张桌上有矿泉水、桌上有绿植，这个会议室适合于各种会议。,5
会议室中心有一圆桌，周围六张椅子围绕该桌子，其他桌子环绕着这一桌椅组合摆放。,3
这个会议室用途是小组讨论，桌椅分组。,3
一圈蓝椅子随意地围成一圈，椅子都面向中间，我想拿这个会议室进行讨论会、沙龙。,3
有五张长方形桌子，彼此分开，不靠近，每个桌子四周围绕着五个椅子，有窗户，我想拿这个会议室进行讨论会、学术会议。,1
这个会议室适合进行小组讨论，较为简单的桌椅摆置。,1
我想拿这个会议室进行学术会议、听领导讲话，围桌，长条桌子，旁边有很多椅子。,5
此虚拟会议室目的是开展小组讨论，比较小，参会者距离近，有方便讨论的白板，数个椅子围绕着一个C字形的桌子的外沿均匀分布，会议室的灯光偏暖，桌子C字开口的对面有个白板。,5
此虚拟会议室目的是开展小组讨论，分开的桌子适合小组讨论，四排桌子，每个桌子有4个椅子，会议室前方有投影和讲台。,2
餐桌，没有窗户，这个会议室适合进行吃饭。,1
这个会议室适合于学术会议。,2
这个会议室适合于学术会议，桌子很大，长条桌，周围是椅子。,5
我想开展年会和晚会等大型会议。,0
紧密排布，讲台适合知识输出，大学教室布局，紧密排布，中间一行八个座椅，两侧一行四个座椅，从前到后座位高度依次变高，我想开展课堂教学，讲座。,2
此虚拟会议室目的是开展小组讨论、展会。,1
桌子椅子围成半方形，有一张独立的桌椅。,5
U型桌，镜子，面向投影仪，相互交流方便。,5
座位充足，座位分布有明显中心化倾向，由内向外呈同心圆状分布，我想开展学术会议，展会，年会。,3
此虚拟会议室目的是开展学术会议，按行排列桌椅，一张桌子配一张椅子，有投影，广播，贴有标语。,2
课桌椅，中型会议室，多排课桌椅，中间有走道，投影仪，落地窗，地板，这个会议室适合进行小组讨论，学术会议。,2
我想拿这个会议室进行小组讨论。,2
没有桌子，有多排椅子按照一定的间隔平行放置，一排上有很多椅子，所有椅子面朝讲台，房间一侧是一个讲台，这个会议室用途是学术会议，展会。,0
此虚拟会议室目的是开展学术会议，小组讨论，董事会议，桌椅排列成一个缺了一条边的长方形。,5
围绕主持人成圆圈型分布，这个会议室适合于学术会议展会。,3
这个会议室适合进行小组讨论、小型报告、年会，桌子分散，且有中间焦点。,1
我想开展上课，三大列桌椅，每大列三小列，正前方靠左侧有一个讲台。,2
有好多排白色的椅子，没有桌子，面向前方，都面向前方。,0
椭圆形白色桌，围摆座椅，有立式白板，房间侧墙上悬挂多个尺寸的白板，条形灯光，有白板。,4
这个会议室适合于学术会议展会，围绕主持人每个人的发言都比较直接，围绕主持人成圆圈型分布，两个投影仪一面大落地窗。,3
我想开展班会，六张桌子组成三排，中间有一个过道，每排桌子有8个椅子，最前面有讲台和投影。,2
大型较长的凹形桌，座椅紧密排布，这个会议室适合于大型会议，政治会议。,5
此虚拟会议室目的是开展小组讨论，数个椅子围绕着一个C字形的桌子的外沿均匀分布。,5
有很多桌子很多椅子，桌子排列呈U型，椅子全部分布在桌子的一侧，有投影仪还有画。,5
每张桌子的座位间距离较近，里其他桌子的座位距离较远，多张桌子，每张桌子围绕有多张椅子，会议室的一侧有小讲台，另一侧有数行、数列小储存柜，这个会议室适合于小组会议。,1
我想拿这个会议室进行学术会议、宣讲会、论坛讲座。,2
我想拿这个会议室进行学术会议，投影仪居中且屏幕大。,0
这个会议室适合于股东大会，长桌的两侧各有一排椅子对称分布，长桌首部有屏幕，长桌上有果盘。,4
小会议室，座位容纳6-8人，环绕演讲者，桌子拼成环形结构，座位少，空间集中。,5
有五张长方形桌子，彼此分开，不靠近，每个桌子四周围绕着五个椅子。,1
数排座椅整齐排列为方阵，墙壁由黄白的梯形和三角形拼成。,0
此虚拟会议室目的是开展小组讨论。,3
长桌两侧分布多个座位，前方有个投影，上方有个吊灯，这个会议室用途是适合小组讨论。,4
这个会议室用途是晚会，年会。,1
四排红色椅子，比较紧凑，面对一个方向，都面向前方。,0
我想开展学术会议。,0
这个会议室适合于班会，桌椅呈矩形规则分布，左上角有小屏幕，侧面有采光口。,2
有四排椅子，每排椅子前都由两个长桌拼成桌子，普通的教室布局。,2
这个会议室用途是团建、小组讨论。,5
我想开展小组讨论、学术会议，长方形桌子。,5
这个会议室适合进行小组讨论、低于5人的研讨课、论文答辩。,4
此虚拟会议室目的是开展展会，年会，空间宽敞，桌下空间支持灵活坐姿。,5
这个会议室适合于年会，婚礼，圆桌适合吃席，有个舞台可以给观众看节目，几十张圆桌均匀分布，每张桌子上10个座位，有一个主舞台。,1
此虚拟会议室目的是开展比较正式的会议，工作会议，学术会议。,5
一张大长桌两侧分布了多把椅子，长桌一头有一把椅子，窗户集中在会议室一侧。,4
这个会议室适合进行讨论课、小组讨论、团建。,3
长方形桌子，周围围着椅子，窗户。,4
四排桌子，每个桌子有4个椅子，会议室前方有投影和讲台。,2
我想拿这个会议室进行小组讨论。,3
此虚拟会议室目的是开展交流型学术会议，年级破冰，团建游戏，演讲，围绕一张小桌子，几十张椅子围绕中心点向四周呈射线式分散。,3
凹形桌，整体较宽较长，桌面下空间大，座椅围摆在外侧，有投影，几面落地镜。,5
只有椅子放射状布局，我想开展讲坛。,3
这个会议室用途是讨论，中间一个leader，周围的开会人员面对中心均匀分布，投影一般在中心人员的背后。,3
这个会议室适合进行展会、小型讲座，都面向前方，四排红色椅子，比较紧凑，面对一个方向，最前面有一个桌子。,0
两侧长桌对应了多把椅子，长桌中间有一短桌对应了四把椅子，每扇落地窗边各有一个沙发椅，这个会议室用途是年会，商务会议。,5
我想拿这个会议室进行年会、晚会、讲座，好多排椅子，没有桌子，都面向前方，排列整齐。,0
我想拿这个会议室进行年会，晚会，有舞台，更适合调动晚会氛围，提供表演环境；圆形桌椅摆放适合晚会布局需求，方便交谈，若干圆桌，每张桌子配椅子环绕摆放。,1
我想开展讨论会、公司决策会，排布很正式，能看到最前面的投影，几张桌子拼成u的形状，即三面有桌椅，一面没有桌椅，每个桌子前都有椅子，最前面有投影。,5
这个会议室适合于小组讨论，开放式交流，座椅少，房间小巧。,4
房间内放置多张大方桌，每张桌子四侧各放置三张椅子，房间一侧有投影幕布，房间天花板上有大型灯，这个会议室适合于年会，晚会。,1
这个会议室用途是商业会议，空间富裕，桌子大，一张大桌子，座位分列两侧。,4
数排长条形状的桌子，每排有数个椅子，地板呈阶梯状，桌子越靠后越高，前排桌子不会遮挡后排。,2
大会议桌，长方形会议桌，周围环绕办公椅，我想拿这个会议室进行学术会议，公司会议。,4
一圈蓝椅子随意地围成一圈，椅子都面向中间。,3
较长的矩形桌，座椅围绕摆放，设备先进，座椅高档，环境明亮。,4
分组布局，每组可以方便交流，四张椅子围绕着一张小桌子，一共有多组这样的桌椅组合布满整个房间，这个会议室适合于小组讨论。,1
我想拿这个会议室进行年会，晚会，几张按列和排分布的圆形桌子，有红色座椅围绕每张桌子摆放，方向都向正前方。,1
会议室中心有一圆桌，周围六张椅子围绕该桌子，其他桌子环绕着这一桌椅组合摆放，此虚拟会议室目的是开展小组讨论、展会。,3
一共有八列六排，两列为一组，中轴线对称摆放，中间一块黑板，左右各两扇窗户，正中间上方是一个投影，有黑板，有投影，桌椅多。,2
十多排椅子，每排20把，在会议室前方有一个讲台。,0
这个会议室适合进行讨论、沙龙，都面向中间，彼此可以看到互相的表情，外圈有十几张白椅子，围成一个圈，内圈有七、八张椅子，都面向中间，内外圈共有两圈。,3
我想开展晚会，学术会议，年会，大会堂，大会堂，阶梯，多排桌子，阶梯状窗户，投影仪，灯带。,2
很多排椅子，没有桌子，此虚拟会议室目的是开展看电影、看表演。,0
我想开展小组讨论，中心人数少。,3
这个会议室用途是小组讨论，学术会议，小组讨论，。,5
桌子比较小，配置的椅子也比较少，比较整齐分布在室内，桌椅都比较高端，空间比较大。,1
宽大的桌子，5个座位环绕布局，前方有投影。,5
圆桌，多个圆桌，周围摆放着朝着同一方向的若干把椅子，有窗户，地毯，此虚拟会议室目的是开展年会、晚会。,1
这个会议室适合进行学术会议，桌子排放成方形，周围排列着椅子。,5
这个会议室适合进行小组讨论，座椅拜访很随意，没有桌子，很紧凑，促进大家的交流，五张椅子围成一圈，没有桌子，旁边有宽敞的窗户。,3
椅子较多。,0
我想开展讨论会，两圈椅子面向中间，最中间的椅子更加紧密。,3
这个会议室适合进行展会、晚会、学术会议、课堂，空间大，座位多。,2
这个会议室适合进行教室、上课，桌椅都是单独的放置，非常整齐规律的放在室内，像中学教室，有黑板，讲台。,2
桌子较多，若干张梯形课桌拼成六边形，每个边有一把椅子，大房间内有多个六边形，两个电视，没有窗户，办公椅，我想开展小组讨论，课堂。,1
布局集中，有是视线集中点，每个人对等，一张大桌子，很多张椅子，椅子围在桌子周围，有小黑板，我想拿这个会议室进行小组讨论，学术会议。,4
几张桌子拼成u的形状，即三面有桌椅，一面没有桌椅，每个桌子前都有椅子，最前面有投影，排布很正式，能看到最前面的投影。,5
这个会议室适合于大型课堂教学，讲座，学术报告，阶梯式，座椅多。,2
这个会议室适合于电影观赏会，电影试映会。,0
这个会议室适合于学术会议展会，围绕主持人每个人的发言都比较直接。,3
这个会议室适合进行学术会议。,5
这个会议室用途是晚会。,0
做得很近，而且互相面对，可以看到每个人的表情，一张长方形的桌子，四面都有椅子，竖着摆放，我想开展公司会议、决策性会议、讨论。,4
桌子只有一张，椅子只有4个，围绕在桌子的一端，桌子另一端面对放映机，桌上有电脑、有投影仪，房间有其他装置。,4
有四张桌子，彼此分开，每个桌子有六张椅子，椅子两两面对，几个桌子彼此分开。,1
几张按列和排分布的圆形桌子，有红色座椅围绕每张桌子摆放，方向都向正前方，我想拿这个会议室进行年会，晚会。,1
这个会议室适合进行学术会议，课程会议，若干张长桌，每张长桌两侧有对称分布的办公椅，长桌之间有过道，投影，绿植，白板。,1
我想开展小组讨论、学术会议。,5
桌椅阶梯式分布，这个会议室适合进行学术会议，学术授课。,2
这个会议室适合于年会，婚礼。,1
外圈有十几张白椅子，围成一个圈，内圈有七、八张椅子，都面向中间，内外圈共有两圈，都面向中间，彼此可以看到互相的表情。,3
若干张梯形课桌拼成六边形，每个边有一把椅子，大房间内有多个六边形，两个电视，没有窗户，办公椅，我想开展小组讨论，课堂。,1
我想开展学术会议、企业商业会议，长桌式密集分布，一张大长桌两侧分布了多把椅子，长桌一头有一把椅子，窗户集中在会议室一侧。,4
我想拿这个会议室进行课堂讨论，各椅子离其他椅子，讲台距离近，无桌子，相同数量的椅子分布在会议室两侧，方向相对。,3
没有桌子，有很多排椅子，我想开展学术会议。,0
我想拿这个会议室进行讨论会、学术会议。,1
大型较长的凹形桌，座椅紧密排布，有投影，灯光辉煌明亮，中间一盆绿植。,5
这个会议室适合于小组讨论，小会议桌。,4
多层弧形桌子，每张弧形桌子有多个椅子，此虚拟会议室目的是开展学术会议。,2
两大列座位分布在道路两侧，每大列座位由数列、数行座位组成，天花板上有投影仪，我想开展年会。,0
椅子围绕桌子，有多张桌子分布在会议室内，没有窗户，光比较明亮，我想开展小组会议。,1
这个会议室用途是适合学术会议和部门会议，三边U形布局的长桌，长桌的外侧有多把椅子。,5
桌子三面围绕，中间两把椅子，两边分别四把椅子，一面临窗，中间一台投影仪，这个会议室用途是小组讨论，汇报。,5
这个会议室适合进行小组讨论、研讨会、组会。,4
一张圆桌周围有五张椅子，我想拿这个会议室进行小组讨论。,4
我想拿这个会议室进行学术会议，公司会议，长方形会议桌，周围环绕办公椅。,4
我想拿这个会议室进行讲座、宣讲会，都面向前方，排列紧密，有许多排红色椅子，有靠背，面向前方，中间有一个过道，最前面有一个长桌子和7张椅子。,0
没有桌子，有很多排椅子，有一扇门。,0
电视适合进行在线的视频会议，一张桌子，五把办公椅，我想开展小组讨论和视频会议。,4
此虚拟会议室目的是开展小组讨论，桌子和椅子成组，每六个桌子成一组，围成一个六边形，房间内多组桌子错落排放，每组桌子的一条边上放置一张椅子。,1
此虚拟会议室目的是开展学术会议。,1
我想拿这个会议室进行访谈，开放式讨论，围绕房间中心拜访了多张椅子，没有桌子。,3
这个会议室用途是小组讨论，桌椅分组，会议室中间有一张圆桌，它的东南西北四个方向各有一排桌椅，这一排桌椅是由三个桌椅拼在一起的。,3
椅子摆放在左右两边，中间是过道，两边各有7列12排，会议室前方有演讲台和投影。,0
这个会议室用途是小组讨论，汇报，围绕着中心，更适合看人汇报，距离比直排桌近，更适合讨论。,5
U型桌，镜子。,5
有一张长方形桌子，桌子较长的两侧放置5张椅子，房间一侧有飘窗，桌子上方的天花板有挂灯，此虚拟会议室目的是开展小组讨论。,4
许多个桌子拼成U的形状，三面桌子前有椅子，桌子上有白纸和水，最前面有投影，这个会议室用途是学术会议。,5
这个会议室适合进行公司会议，桌椅排布很正式，u型。,5
每个人既可以看到彼此的面部，也可以看到白板的内容，在能认真听讲话人讲话的同时，还能够面对彼此，一定程度上促进交流，好几张桌子呈U型拼接在一起，即一个长方形但一个宽边没有桌子，椅子围着桌子外围摆放，一共有三侧椅子，此虚拟会议室目的是开展比较正式的会议，工作会议，学术会议。,5
很紧密，彼此能看到对方表情，两圈椅子面向中间，最中间的椅子更加紧密，我想开展讨论会。,3
两圈椅子面向中间，最中间的椅子更加紧密，我想开展讨论会。,3
我想开展学术会议，办公会议，校园展览，宽敞，明亮，有投影，凹形桌，外围环绕摆放椅子。,5
这个会议室适合进行小组讨论。,1
一张长方形大会议桌，周围围绕若办把皮质椅子，落地窗，有书架，吊灯，地毯，笔记本电脑，皮质椅子，一张桌子。,4
左上方的讲台有一张桌子，前方和右方有直角的桌子，桌子旁边有多把椅子。,5
这个会议室适合进行小组讨论。,1
此虚拟会议室目的是开展影视展览会议。,0
这个会议室用途是小组讨论、组会、教学类的会议，分散性、私密性、隔离性，布局由好几个桌椅围成的小圈组成，每个小圈由6张桌椅组成。,1
这个会议室适合进行学术会议，展会，视线比较集中在中央，无桌子，有椅子，椅子为折叠的沙发椅，围成大的半圆形，整体颜色为蓝色，有讲台。,0
按行排列桌椅，一张桌子配一张椅子，有投影，广播，贴有标语，此虚拟会议室目的是开展学术会议。,2
我想开展班会，遍布整个会议室，两个大窗户。,3
没有桌子，椅子排成一圈，有多圈，简易椅子，大房间，这个会议室适合于展会，宣讲。,3
多排阶梯上排列联排教室椅。,0
我想开展课堂教学，讲座，紧密排布，讲台适合知识输出，大学教室布局，紧密排布，中间一行八个座椅，两侧一行四个座椅，从前到后座位高度依次变高，讲台，窗户窗帘拉开，天花板吊灯。,2
我想开展小组讨论，单张圆桌方便交流讨论。,4
这个会议室适合进行学术会议。,4
没有桌子，所有人坐在椅子上围绕程圆圈，有窗户、阳光，这个会议室适合于头脑风暴、经验分享。,3
这个会议室适合于学术会议，年会，桌椅数量大。,2
好几组环形布局的桌椅，每组6个座位，有两台电视，这个会议室适合于小组讨论。,1
这个会议室适合于研讨会，学术会议，晚会等。,2
十多排椅子，每排20把，我想开展年会和晚会等大型会议。,0
此虚拟会议室目的是开展影视展览会议，椅子面朝的方向有一面投影幕布，房间无窗。,0
我想开展学术会议。,5
我想拿这个会议室进行小组讨论。,5
我想拿这个会议室进行上课。,2
我想拿这个会议室进行年会，椅子很多。,0
这个会议室适合进行上课、小组讨论。,1
三个椅子分布在桌子的周围，我想开展学术会议。,4
一张长方形大会议桌，周围围绕若办把皮质椅子，落地窗，有书架，吊灯，地毯，笔记本电脑。,4
我想开展采访会议，学术会议，圆心处另外放置了5个椅子。,3
此虚拟会议室目的是开展电影院，有很多排椅子，没有桌子。,0
中心人数少，宽松环绕，我想开展小组讨论。,3
有两圈橙色的椅子，都面向一个中心点，没有桌子，都面向中心点，容易观察到每一个人的表情。,3
此虚拟会议室目的是开展学术会议，小组讨论，图片正前方有屏幕，屏幕正对着演讲桌，两边桌子前都有笔记本，从窗口可以看到外面的天空天空哦哦刚。,5
这个会议室用途是学术会议。,3
几十张圆桌均匀分布，每张桌子上10个座位，有一个主舞台，圆桌适合吃席，有个舞台可以给观众看节目。,1
这个会议室适合于小组讨论。,1
此虚拟会议室目的是开展年会、项目展示，座椅视线焦点集中、突出重点。,5
所有椅子朝向主席台，十多排椅子，每排20把，我想开展年会和晚会等大型会议。,0
有两圈橙色的椅子，都面向一个中心点，最前面有投影仪。,3
这个会议室用途是小组讨论，小会议室，座位容纳6-8人，环绕演讲者，桌子拼成环形结构，有一个投影幕布。,5
此虚拟会议室目的是开展展会，讲座，大型课堂，多排，紧凑，大屏幕。,2
此虚拟会议室目的是开展班会。,2
十几张长方形桌子彼此分开，每个桌子围绕着一圈椅子，最前面有讲台和白板。,1
此虚拟会议室目的是开展学术会议、展览报告、宣讲会、讲座，座椅较多且面向前台，前方空间较大，可供人活动和讲演。,0
每个房间只有一张圆形桌子，配若干休闲靠背座椅，环境私密，适合小组开会；圆形桌方便讨论交流。,4
这个会议室适合进行学术会议，小组讨论。,5
这个会议室适合于大型会议，政治会议。,5
讲台桌位于会议室前方，桌子竖向面向讲台桌，椅子呈U字形环绕桌子。,4
一张桌子，有五个椅子，桌子最前面靠墙，最前面有屏幕，我想开展讨论会。,4
有四张桌子，彼此分开，每个桌子有六张椅子，椅子两两面对，有时钟和投影仪。,1
中间有一个大桌子，椅子分布在桌子的周围，有电视，柜子。,4
这个会议室适合于学术会议展会，围绕主持人成圆圈型分布。,3
若干张梯形课桌拼成六边形，每个边有一把椅子，大房间内有多个六边形，两个电视，没有窗户，办公椅。,1
这个会议室适合于各种会议，桌子放置为一个凹型，椅子放在桌子旁边，面对投影幕布，有多媒体投影仪，每张桌上有矿泉水、桌上有绿植。,5
数个椅子围绕着一个C字形的桌子的外沿均匀分布。,5
这个会议室适合于展会。,0
我想开展讨论会，很紧密，彼此能看到对方表情。,3
我想开展讨论会、公司决策会，几张桌子拼成u的形状，即三面有桌椅，一面没有桌椅，每个桌子前都有椅子，最前面有投影。,5
这个会议室适合进行小组讨论。,1
这个会议室适合于小组讨论，工作讨论，有白板，椭圆形白色桌，围摆座椅，有立式白板，房间侧墙上悬挂多个尺寸的白板，条形灯光。,4
这个会议室用途是晚会，阶梯式，不分组，桌椅分布在阶梯会议室内的中间走廊两侧，最后一排没有走廊，阶梯式会议室，窗户均在会议室的同一侧。,0
我想开展讲坛，只有椅子放射状布局。,3
这个会议室适合于小组会议，多张桌子，每张桌子围绕有多张椅子，会议室的一侧有小讲台，另一侧有数行、数列小储存柜。,1
我想开展展会、晚会，大会堂，大会堂，类似剧院和电影院，没有桌子，多排椅子。,0
分开的桌子适合小组讨论，四排桌子，每个桌子有4个椅子，此虚拟会议室目的是开展小组讨论。,2
此虚拟会议室目的是开展学术会议，小组讨论。,5
成组分散，座椅围坐。,1
此虚拟会议室目的是开展年会、晚会。,1
大型较长的凹形桌，座椅紧密排布，有投影，灯光辉煌明亮，中间一盆绿植，座椅多，桌子长。,5
以教室中轴线为分界线，两边对称，每一边由内向外呈扇形分布，正常教室布局结构，面积适合，座位有限，面对面互动性强。,3
没有桌子，都面向中心点，容易观察到每一个人的表情，有两圈橙色的椅子，都面向一个中心点，最前面有投影仪，这个会议室用途是讨论、沙龙。,3
没有桌子，椅子排成一圈，有多圈，简易椅子，大房间，没有桌子。,3
桌椅都是单独的放置，非常整齐规律的放在室内，像中学教室，有黑板，讲台。,2
单张圆桌方便交流讨论，单张桌子环绕若干张椅子，显示屏，挂画，收纳柜，绿植，我想开展小组讨论。,4
这个会议室用途是课程教学，桌椅密集。,2
没有桌子，有多排椅子按照一定的间隔平行放置，一排上有很多椅子，所有椅子面朝讲台。,0
数排长条形状的桌子，每排有数个椅子，地板呈阶梯状，桌子越靠后越高。,2
我想拿这个会议室进行年会，晚会。,0
桌椅呈弧形阶梯布局，空间较大，类似大学教室的结构，射灯，有二楼空间，空间大，座位多。,2
单张桌子环绕若干张椅子，显示屏，挂画，收纳柜，绿植，我想开展小组讨论。,4
宽大的桌子，5个座位环绕布局，环绕布局。,5
每四张矩形桌子拼成一个更大的矩形，桌子左侧有讲台和投影仪，这个会议室适合于学术会议。,1
圆心处另外放置了5个椅子，没有桌子，椅子分成若干层放置，每一层都排列成一个环，多层椅子形成多个同心圆，圆心处另外放置了5个椅子，我想开展采访会议，学术会议。,3
此虚拟会议室目的是开展上课，讲座，有黑板，有投影，桌椅多，一共有八列六排，两列为一组，中轴线对称摆放。,2
一共两大列，8小列，每大列4小列共5排椅子，正前方有一张讲桌。,0
这个会议室用途是小组讨论，学术会议，有一个讲台，以及一排连着的桌子和椅子，有一个白板。,5
较为简单的桌椅摆置，梯形桌子围成了一个圈，周围摆上办公椅子，这个会议室适合进行小组讨论。,1
这个会议室适合进行讨论、沙龙，外圈有十几张白椅子，围成一个圈，内圈有七、八张椅子，都面向中间，内外圈共有两圈。,3
这个会议室适合进行小组讨论，学术会议，课桌椅，中型会议室，多排课桌椅，中间有走道，投影仪，落地窗，地板。,2
u型会议室，由很多张桌子拼成一个大型u型会议桌，会议桌三边围绕着许多椅子，最前面有投影，右边有一整面落地窗，我想拿这个会议室进行公司会议、组会。,5
我想开展学术会议、企业商业会议，长桌式密集分布。,4
桌椅排列成一个缺了一条边的长方形，此虚拟会议室目的是开展学术会议，小组讨论，董事会议。,5
我想拿这个会议室进行讲座、宣讲会，有许多排红色椅子，有靠背，面向前方，中间有一个过道，最前面有一个长桌子和7张椅子。,0
标准圆圈状排列，规模小，布置简单，去中心化结构，面对面互动性强。,3
这个会议室适合进行小组讨论。,1
我想开展班会。,2
我想开展晚会，学术会议，年会。,2
我想开展展会、晚会，大会堂，类似剧院和电影院，没有桌子，多排椅子。,0
此虚拟会议室目的是开展小组讨论、展会。,3
椅子整齐排列在会议室。,0
桌子和椅子固定在一起，每3个一组，排列整齐在室内，有黑板、讲台、空调，此虚拟会议室目的是开展教室、考试。,2
我想开展小型学术会议，五排桌椅，两侧有过道；每个带桌布的长桌配四张椅子。,2
这个会议室用途是公司会议，有一张长的、大的桌子，短的一端对应放映机，短的另一端放置一个椅子，领导位置，然后长的两端整齐放置椅子。,4
五张桌子分布摆放，其中一张桌子位于会议室正前方，四张桌子两两分散在左右两侧，每张桌子配置五张椅子，每张桌子旁的椅子摆放结构与桌子和会议室的相对关系相同，正前方桌子面向窗户，两侧窗帘为暗灰色，天花板为LED顶灯。,1
中间有一个大桌子，椅子分布在桌子的两端和一侧，落地窗，我想开展小组讨论。,4
这个会议室适合于上课，三大列桌椅，共12排，最前方有一个讲台。,2
我想开展小组讨论，中心人数少，宽松环绕。,3
我想开展展会、年会、办公会议，桌椅呈U字型面向投影排列。,5
这个会议室适合进行小组讨论，桌椅平均布局，无中心点，一张桌子配一张椅子，围在一起。,5
里圈有一圈三四个演讲者椅子，外圈是四圈参会人的椅子，有一圈投影，这个会议室适合于学术沙龙。,3
这个会议室适合于学术报告，可以容纳大量参会者，主讲台有麦克风，大量的座位呈扇形同心圆围绕着主演讲台分布，主讲台背后有可拉动的大块白板，座位被栏杆分为三个扇区。,0
两大列座位分布在道路两侧，每大列包含数行、数列座位，投影仪位置居中。,0
有舞台，更适合调动晚会氛围，提供表演环境；圆形桌椅摆放适合晚会布局需求，方便交谈，若干圆桌，每张桌子配椅子环绕摆放，舞台，显示屏，壁灯，落地窗帘，我想拿这个会议室进行年会，晚会。,1
这个会议室适合进行小组讨论，有几张桌子零散的分布，每张桌子带走多把椅子，讲台上有屏幕。,3
有黑板，有投影，桌椅多，一共有八列六排，两列为一组，中轴线对称摆放，中间一块黑板，左右各两扇窗户，正中间上方是一个投影，此虚拟会议室目的是开展上课，讲座。,2
阵列式方形桌，每桌围摆座椅，大型吊灯，有大投影屏幕，空间宽敞，宽敞，成组。,1
围绕主持人成圆圈型分布。,3
椭圆形桌子，周围排列着椅子，此虚拟会议室目的是开展小组讨论，学术会议。,4
一张长桌，两边有皮质旋转椅均匀摆放，吊灯，显示屏，挂画。,4
桌椅和地毯看起来挺贵的，长桌的两侧各有一排椅子对称分布，长桌首部有屏幕，长桌上有果盘，这个会议室适合于股东大会。,4
这个会议室用途是团建、小组讨论，长条桌子，旁边很多椅子，后面有门，旁边有窗户。,5
这个会议室适合于年会、晚会，十几张长方形桌子彼此分开，每个桌子围绕着一圈椅子，最前面有讲台和白板。,1
我想拿这个会议室进行讨论会、沙龙。,3
两侧有多排长桌，每个长桌后有两把椅子，我想拿这个会议室进行上课教学。,2
都面向前方，有好多排白色的椅子，没有桌子，面向前方，这个会议室适合于讲座、学术会议。,0
这个会议室适合于学术会议。,3
没有桌子，只有椅子围着，椅子围成一圈，我想拿这个会议室进行小组讨论。,3
这个会议室适合于学术沙龙。,3
按列和排规律分成三列排布，有两个过道，一侧有较大的窗户，有黑板、投影仪、顶灯，类似教室的成列和成排的规律布局。,2
这个会议室用途是小组讨论，座位少，空间集中。,5
桌椅分布在教师中间走廊的两侧，一张长桌对应两把椅子，一侧有三张长桌，会议室前方有一块黑板。,2
多张圆形○会议桌，每张桌子周围摆放着椅子。,1
这个会议室用途是学术会议，展会，没有桌子，有多排椅子按照一定的间隔平行放置，一排上有很多椅子，所有椅子面朝讲台，房间一侧是一个讲台。,0
一样大的会议桌，两侧排放椅子，很大的落地窗。,4
桌椅分布在教师中间走廊的两侧，一张长桌对应两把椅子，一侧有三张长桌，桌椅密集。,2
环绕的布局，环绕的长桌和椅子，投影和讲台，这个会议室适合进行学术会议。,5
我想开展公司会议、决策性会议、讨论。,4
布局紧凑，圆桌能让所有人面对面，一张圆桌周围有五张椅子，我想拿这个会议室进行小组讨论。,4
每四张矩形桌子拼成一个更大的矩形，桌子左侧有讲台和投影仪。,1
这个会议室适合于强制参与人数的讲座，整体体积大，容纳人数多，且舞台上看不到后方，方便摸鱼，桌椅按排组织，从前到后逐渐身高。,2
这个会议室适合于小组会议，每张桌子的座位间距离较近，里其他桌子的座位距离较远。,1
这个会议室适合进行小组讨论、低于5人的研讨课、论文答辩，四张椅子围绕桌子的三面，投影靠墙，面向参会人群。,4
此虚拟会议室目的是开展学术会议。,5
长方形桌子放在房间中央，椅子围绕桌子摆放，这个会议室适合进行学术会议。,4
两列多排桌椅，分布紧密，房间正前方有投影，环形灯光。,2
我想拿这个会议室进行适合学术会议。,4
只有椅子，没有桌子，环绕式摆放几张椅子，这个会议室适合于小组讨论。,3
我想开展小组讨论和视频会议，电视适合进行在线的视频会议，一张桌子，五把办公椅。,4
大致呈园圈状排列，摆放位置较随意，有白板，联通教室有书架。,3
每六个桌子成一组，围成一个六边形，房间内多组桌子错落排放，每组桌子的一条边上放置一张椅子。,1
方形会议桌，桌子周围排列着椅子。,5
阵列式方形桌，每桌围摆座椅，我想拿这个会议室进行年会，晚会。,1
多排阶梯上排列联排教室椅，主席台上有一排座位，主席台上可以坐领导。,0
此虚拟会议室目的是开展年会。,2
这个会议室适合进行年会、晚会。,1
好多排椅子，没有桌子，都面向前方，排列整齐，我想拿这个会议室进行年会、晚会、讲座。,0
这个会议室适合于展会，宣讲。,3
弧形桌，后排高于前排，皮质椅，这个会议室适合于大型课堂教学，讲座，学术报告。,2
这个会议室适合进行展会、小型讲座，都面向前方。,0
这个会议室适合进行晚会，年会。,0
桌椅数量大，桌子由房间头到房间尾从低到高逐层放置在台阶上，每层上的桌子排列成直线，椅子是桌子自带的，这个会议室适合于学术会议，年会。,2
我想拿这个会议室进行小组讨论，环绕型，中型会议室，桌子拼成环绕型，围绕演讲者。,5
这个会议室适合进行小组讨论，分组摆放，成组分散，座椅围坐。,1
这个会议室适合进行学术会议、展会、讲座，有八排椅子，都面向前方，没有过道，灯光很明亮。,0
此虚拟会议室目的是开展学术会议，小组讨论。,0
遍布整个会议室，两个大窗户。,3
只有椅子放射状布局，所有座位环绕中心布局。,3
我想拿这个会议室进行小组讨论，布局紧凑，圆桌能让所有人面对面。,4
座椅视线焦点集中、突出重点，桌椅呈U字型排列，面向投影仪，此虚拟会议室目的是开展年会、项目展示。,5
这个会议室用途是学术会议，没有桌子，有很多排椅子，分为左右两部分。,0
这个会议室用途是学术会议，小组讨论，桌子椅子围成半方形，有一张独立的桌椅，有装饰，有投影仪。,5
此虚拟会议室目的是开展电影院。,0
中型会议室，桌子拼成环绕型，围绕演讲者，每个座位上有纸笔，有投影仪，地毯，大窗户，我想拿这个会议室进行小组讨论。,5
这个会议室适合进行学术会议。,3
桌椅都是单独的放置，非常整齐规律的放在室内，像中学教室，有黑板，讲台，这个会议室适合进行教室、上课。,2
六张桌子组成三排，中间有一个过道，每排桌子有8个椅子，最前面有讲台和投影，我想开展班会。,2
讲台桌子位于会议室前方右侧，三面座椅从正面、左侧面、右侧面集中面向会议室中央，正对黑板，此虚拟会议室目的是开展学术会议、展览报告、宣讲会、讲座。,0
分组摆放，成组分散，座椅围坐，这个会议室适合进行小组讨论。,1
这个会议室适合进行学术会议，小组讨论，视线比较集中，有展示的地方，方便一个人重点介绍。,5
没有桌子，有五把椅子按照圆圈环绕。,3
这个会议室适合进行学术会议，长方形桌子放在房间中央，椅子围绕桌子摆放，桌子正上方有一盏灯。,4
此虚拟会议室目的是开展展会，年会，凹形桌，整体较宽较长，桌面下空间大，座椅围摆在外侧，有投影，几面落地镜。,5
围绕中心，摆放灵活，围绕房间中心拜访了多张椅子，没有桌子，我想拿这个会议室进行访谈，开放式讨论。,3
我想开展小组讨论，研讨课，活动筹备会议，可移动，环形，紧凑，随意。,3
我想开展小组讨论，研讨课，活动筹备会议，里外有几层座位，环环围绕成一个圈，没有桌子只有椅子，间距不一，较为随意，装饰色彩温暖，像学校教室，窗户较多，光线充足。,3
这个会议室适合进行年会、晚会，有许多个圆桌彼此分开，这样既能看到最前方的讲台，也能方便小部分人彼此深度交流，有好多个圆桌彼此分开，每个圆桌各有10个椅子，围绕着圆桌，最前面有一个大讲台。,1
围绕一张小桌子，几十张椅子围绕中心点向四周呈射线式分散。,3
5排连续的座椅，可折叠的简易桌板，布材质的座椅表面，投影，顶灯，这个会议室适合进行小型学术会议，小型汇报。,0
以教室中轴线为分界线，两边对称，每一边由内向外呈扇形分布，我想拿这个会议室进行小组讨论。,3
这个会议室用途是学术会议，许多个桌子拼成U的形状，三面桌子前有椅子，桌子上有白纸和水，最前面有投影。,5
多层环形排列。,3
桌子排放成方形，周围排列着椅子。,5
有很多桌子，桌子排列呈U型，很多椅子分布在桌子的一侧。,5
都面向前方，没有桌子，十分密集，有八排椅子，都面向前方，没有过道，灯光很明亮，这个会议室适合进行学术会议、展会、讲座。,0
这个会议室适合进行小组讨论，分组摆放。,1
围绕房间中心拜访了多张椅子，没有桌子，有投影和白板，围绕中心，摆放灵活。,3
桌椅按排组织，从前到后逐渐身高，舞台后有白色幕布。,2
我想开展展会、晚会，大会堂。,0
这个会议室适合于学术会议，讲座，宣讲会。,0
大会堂，类似剧院和电影院，没有桌子，多排椅子，没有窗户，房间大，顶灯，我想开展展会、晚会。,0
中型会议室，多排课桌椅，中间有走道，投影仪，落地窗，地板。,2
桌子和椅子一配一，比较多车，围成小半圆形，有二层，灯光比较分散，此虚拟会议室目的是开展学术会议。,2
椭圆形桌子，两侧分布着椅子，两头中的一头有一把椅子，另一头有一个屏幕，这个会议室适合进行学术会议，组会。,4
有一个讲台，以及一排连着的桌子和椅子，有一个白板，桌面上有笔记本，这个会议室用途是小组讨论，学术会议。,5
这个会议室用途是适合小组讨论。,4
四排红色沙发椅子，每排八张，椅子有扶手和靠背。,0
两圈椅子面向中间，最中间的椅子更加紧密。,3
这个会议室适合于上课、小组讨论，很多组桌椅，若干椅子围着一个桌子。,1
三边U形布局的长桌，长桌的外侧有多把椅子，宽大的落地窗，教室前方有投影，这个会议室用途是适合学术会议和部门会议。,5
这个会议室适合进行学术会议，小组讨论，方形会议桌，桌子周围排列着椅子。,5
这个会议室适合于学术讨论，演说，五排半圆形长桌，每一排10余张椅子，椅子数量每排递增，前方和后方都有黑板和白板。,2
我想拿这个会议室进行学术会议、宣讲会、论坛讲座，讲台桌子位于会议室正面，其余桌椅呈半圆状面向会议室正面分布。,2
这个会议室用途是适合学术会议和部门会议，座位环绕布局适合交流。,5
整齐分布，较为紧凑，2列3排，落地窗，窗外为其他高楼，较小的投影和讲台，有一台钟和电脑。,2
小组讨论，，有一个讲台，以及一排连着的桌子和椅子，有一个白板，这个会议室用途是小组讨论，学术会议。,5
我想开展小组讨论。,4
我想开展学术会议，办公会议，校园展览，凹形桌，外围环绕摆放椅子，凹口放置了投影仪，地面有地毯，灯光以点灯源居多。,5
有多排椅子按照一定的间隔平行放置，一排上有很多椅子，没有桌子，有多排椅子按照一定的间隔平行放置，一排上有很多椅子，所有椅子面朝讲台，房间一侧是一个讲台，这个会议室用途是学术会议，展会。,0
这个会议室用途是晚会，桌椅分布在阶梯会议室内的中间走廊两侧，最后一排没有走廊。,0
这个会议室适合于小组讨论，工作讨论，有白板。,4
此虚拟会议室目的是开展年会，晚会，拍卖会，多，正式，有舞台。,1
小会议室，座位容纳6-8人，环绕演讲者，桌子拼成环形结构。,5
座位少，空间集中，小会议室，座位容纳6-8人，环绕演讲者，桌子拼成环形结构，有一个投影幕布，这个会议室用途是小组讨论。,5
中间有一个大桌子，很多椅子分布在桌子的周围。,4
两列多排桌椅，分布紧密，此虚拟会议室目的是开展展会，讲座，大型课堂。,2
桌椅分布在教师中间走廊的两侧，一张长桌对应两把椅子，一侧有三张长桌，这个会议室用途是课程教学。,2
无桌子，有椅子，椅子为折叠的沙发椅，围成大的半圆形，视线比较集中在中央。,0
单张桌子环绕若干张椅子，单张圆桌方便交流讨论。,4
外围五圈白色椅子围绕着中间五张椅子，椅子中间有一张圆桌，这个会议室适合进行沙龙。,3
此虚拟会议室目的是开展小组讨论，无桌子，椅子随意排布，背景比较鲜艳，地板比较花。,3
餐桌。,1
宽大的桌子，5个座位环绕布局，这个会议室适合进行小组讨论。,5
这个会议室适合于年会、晚会，有许多张圆桌子，但是都分散在会议室各个部分，不靠在一起，每张桌子围绕着七张椅子，每个圆桌最前面没有椅子。,1
这个会议室用途是授课、班级或年级会议，按列和排规律分成三列排布，有两个过道。,2
我想拿这个会议室进行展会，晚会，灯光比较集中在前部舞台，椅子比较豪华，铺了地毯，没有桌子，椅子是折叠椅子，整体氛围偏暗，铺了地毯。,0
多层弧形桌子，每张弧形桌子有多个椅子，投影仪居中，同一桌子的人到投影仪的距离相近。,2
这个会议室用途是课堂，面向讲台，比较集中，一张桌子配一张椅子。,2
这个会议室适合于学术会议，有讲台，有投影仪，每四张矩形桌子拼成一个更大的矩形。,1
这个会议室适合于小组讨论，以大圆桌的方式组织，根据会议室大小圆桌均匀分布在会议室内。,1
没有桌子，只有椅子，椅子较整齐的分成两部分放置在室内。,3
整齐分布，较为紧凑，2列3排，我想开展小课堂。,2
有很多排椅子，没有桌子，有一扇门，此虚拟会议室目的是开展电影院。,0
有讨论和研究的氛围，长桌两侧各有几把椅子，有一个投影，会议室落地窗，我想拿这个会议室进行适合学术会议。,4
这个会议室适合于头脑风暴、经验分享，没有桌子，所有人坐在椅子上围绕程圆圈。,3
都面向前方，四排红色椅子，比较紧凑，面对一个方向，这个会议室适合进行展会、小型讲座。,0
四排红色椅子，比较紧凑，面对一个方向，最前面有一个桌子。,0
每两张桌子并排放形成一条直线，两排桌子之间有一定间隔，间隔之间放置椅子，房间两侧有窗户，我想拿这个会议室进行小组讨论。,2
我想拿这个会议室进行年会，压抑，没有窗户很压抑。,0
我想拿这个会议室进行学术会议，数排、数列带桌子的椅子。,0
此虚拟会议室目的是开展班会，多点阵列，一桌一椅，教师前方有讲台黑板，侧面有窗户，光线明亮。,2
私密性好，小隔间，单桌，一面墙为落地窗，这个会议室用途是小组讨论。,4
正方形的桌子间隔放置，每张桌子的靠近摄像头的两侧各放两张桌子，房间一侧有窗帘和窗户，没有投影，没有讲台，天花板上有挂灯，这个会议室适合于小组讨论，晚会。,1
讲台桌子位于会议室正面，其余桌椅呈半圆状面向会议室正面分布，我想拿这个会议室进行学术会议、宣讲会、论坛讲座。,2
多组圆形排列，这个会议室适合进行小组讨论。,1
几张大桌子，每张桌子周围排列着椅子，此虚拟会议室目的是开展小组讨论，展会，年会，晚会。,1
这个会议室适合进行学术会议，公司会议，桌椅摆放情况方便面向一个方向。,5
没有桌子，椅子是折叠椅子，整体氛围偏暗，铺了地毯，灯光比较集中在前部舞台，椅子比较豪华，铺了地毯。,0
这个会议室适合于学术会议，年会，桌椅数量大，桌子由房间头到房间尾从低到高逐层放置在台阶上，每层上的桌子排列成直线，椅子是桌子自带的。,2
此虚拟会议室目的是开展小组讨论，展会，年会，晚会。,1
这个会议室适合进行采访会议。,3
这个会议室适合进行小组讨论，组内接近。,1
以小桌形式，一张桌子周围配置六个椅子。,1
椅子较多，我想拿这个会议室进行年会，晚会。,0
我想开展学术会议、小组讨论，普通的教室布局。,2
这个会议室用途是商业会议。,5
我想开展小组讨论，中间有一个大桌子，椅子分布在桌子的两端和一侧，落地窗。,4
多排阶梯上排列联排教室椅，主席台上有一排座位，这个会议室适合于年会。,0
我想开展讨论会、公司决策会。,5
我想开展讨论会、咨询会，几个桌子彼此分开，有四张桌子，彼此分开，每个桌子有六张椅子，椅子两两面对。,1
这个会议室用途是学术会议，同心圆由内向外辐射。,3
C型、环形的桌子和椅子。,5
u型桌子，比较扁，三面都有椅子。,5
有好多个圆桌彼此分开，每个圆桌各有10个椅子，围绕着圆桌，最前面有一个大讲台，有许多个圆桌彼此分开，这样既能看到最前方的讲台，也能方便小部分人彼此深度交流。,1
这个会议室适合进行学术会议，环绕的布局。,5
阶梯教室多排桌椅，这个会议室用途是上课。,2
这个会议室适合进行展会、晚会、学术会议、课堂，桌椅呈弧形阶梯布局，空间较大，类似大学教室的结构。,2
这个会议室适合进行小组讨论，组内接近，多组圆形排列。,1
此虚拟会议室目的是开展展会，年会，没有桌子，椅子从房间头到房间尾放置在阶梯上，全部面朝同一方向，椅子数量多，房间的一侧似乎有一个讲台，房间中间的天花板上有一个投影仪，房间无窗。,0
这个会议室适合进行学术会议，小组讨论。,5
我想开展展会，晚会，视线较集中，无桌子，氛围比较轻松，无桌子，椅子比较豪华，面向一个大屏幕。,0
阶梯教室里有7排椅子，中间有过道，除最后一排是14个椅子，其他排都是12把椅子，4个窗户，一个投影仪，木质地板，光线明亮，蓝色椅子，这个会议室适合于学术会议，讲座，宣讲会。,0
没有桌子只有椅子，很多排椅子，四周都是墙壁，天花板上有灯，此虚拟会议室目的是开展看电影、看表演。,0
我想拿这个会议室进行讨论会、学术会议，有五张长方形桌子，彼此分开，不靠近，每个桌子四周围绕着五个椅子。,1
大学教室布局，紧密排布，中间一行八个座椅，两侧一行四个座椅，从前到后座位高度依次变高，紧密排布，讲台适合知识输出。,2
这个会议室适合进行展会、小型讲座，四排红色椅子，比较紧凑，面对一个方向，最前面有一个桌子。,0
这个会议室用途是学术会议，小组讨论，没有桌子，椅子排放混乱，两个投影仪。,3
座椅少，房间小巧，一张小方桌，围摆三张沙发椅，有电子屏幕，房间一侧透明，这个会议室适合于小组讨论，开放式交流。,4
五排椅子，每排椅子都有四张桌，最前面有投影和讲台。,2
这个会议室适合进行小组讨论、小型报告、年会，五张桌子分布摆放，其中一张桌子位于会议室正前方，四张桌子两两分散在左右两侧，每张桌子配置五张椅子，每张桌子旁的椅子摆放结构与桌子和会议室的相对关系相同。,1
我想拿这个会议室进行小组讨论，没有桌子，只有椅子围着，椅子围成一圈。,3
没有桌子，椅子是折叠椅子，整体氛围偏暗，铺了地毯，我想拿这个会议室进行展会，晚会。,0
有八排椅子，都面向前方，没有过道，灯光很明亮。,0
这个会议室适合进行小组讨论。,3
餐桌，没有窗户，圆桌。,1
这个会议室适合进行学术会议、展会、讲座。,0
有七排椅子呈阶梯状分布，并且分为左右两部分，没有桌子，这个会议室用途是学术会议。,0
皮质椅子，一张桌子，一张长方形大会议桌，周围围绕若办把皮质椅子，落地窗，有书架，吊灯，地毯，笔记本电脑，这个会议室用途是公司会议。,4
我想开展展示评价、头脑风暴，没有桌子，只有椅子，椅子较整齐的分成两部分放置在室内，椅子上有纸和笔，有讲台、有投影仪，光比较明亮。,3
我想拿这个会议室进行学术会议，公司会议，大会议桌。,4
这个会议室适合于小组讨论。,5
三个椅子分布在桌子的周围。,4
我想开展上课、展会。,0
灯光比较集中在前部舞台，椅子比较豪华，铺了地毯，没有桌子，椅子是折叠椅子，我想拿这个会议室进行展会，晚会。,0
这个会议室适合于学术会议。,0
多排教室椅阶梯排布，中间是讲台，这个会议室用途是上课。,0
这个会议室适合于展会，宣讲，没有桌子。,3
规模小，布置简单，去中心化结构，面对面互动性强，标准圆圈状排列，我想开展小组讨论。,3
我想开展学术会议小组讨论，面向投影仪，相互交流方便，U型桌。,5
我想拿这个会议室进行讨论会、沙龙，一圈蓝椅子随意地围成一圈，椅子都面向中间。,3
每六个桌子成一组，围成一个六边形，房间内多组桌子错落排放，每组桌子的一条边上放置一张椅子，此虚拟会议室目的是开展小组讨论。,1
我想开展学术会议小组讨论，面向投影仪，相互交流方便。,5
一张大长桌两侧分布了多把椅子，长桌一头有一把椅子，长桌式密集分布。,4
各椅子离其他椅子，讲台距离近，无桌子，相同数量的椅子分布在会议室两侧，方向相对，我想拿这个会议室进行课堂讨论。,3
此虚拟会议室目的是开展学术会议，五排椅子，每排椅子都有四张桌，最前面有投影和讲台。,2
环绕的长桌和椅子，投影和讲台。,5
座椅拜访很随意，没有桌子，很紧凑，促进大家的交流，五张椅子围成一圈，没有桌子，这个会议室适合进行小组讨论。,3
这个会议室用途是学术会议，座谈会，由中心向外呈同心圆状排列，光线好，有剪贴布置。,3
压抑，我想拿这个会议室进行年会。,0
此虚拟会议室目的是开展小组讨论，四排桌子，每个桌子有4个椅子。,2
遍布整个会议室，我想开展班会。,3
比较小，参会者距离近，有方便讨论的白板，数个椅子围绕着一个C字形的桌子的外沿均匀分布，此虚拟会议室目的是开展小组讨论。,5
我想开展年会，晚会，桌椅数量大，房间内有很多圆桌，每张圆桌周围放约8张椅子。,1
桌椅平均布局，无中心点，一张桌子配一张椅子，围在一起，有窗户，有小装饰品，这个会议室适合进行小组讨论。,5
此虚拟会议室目的是开展展会，讲座，大型课堂。,2
此虚拟会议室目的是开展演讲，讲座，一共两大列，8小列，每大列4小列共5排椅子，正前方有一张讲桌，正前方墙上有两个投影，右侧墙上有两块黑板。,0
一张桌子配一张椅子，有窗子，比较明亮，灯光为日光灯，有讲台。,2
这个会议室适合进行学术会议，黑色的桌子，看起来比较高级的椅子，周围的环境比较肃穆。,4
有许多排红色椅子，有靠背，面向前方，中间有一个过道，最前面有一个长桌子和7张椅子。,0
此虚拟会议室目的是开展交流型学术会议，年级破冰，团建游戏，演讲，聚集在一个中心，且在同一平面上便于交流，人数较多，围绕一张小桌子，几十张椅子围绕中心点向四周呈射线式分散。,3
这个会议室适合于年会，晚会，房间内放置多张大方桌，每张桌子四侧各放置三张椅子，房间一侧有投影幕布，房间天花板上有大型灯。,1
这个会议室适合于学术会议，展会。,4
这个会议室适合于学术会议，中间有一个小桌子，四把大椅子，周围有很多小椅子，一扇门。,3
我想拿这个会议室进行学术会议，有很多桌子，桌子排列呈U型，很多椅子分布在桌子的一侧。,5
没有桌子，椅子从房间头到房间尾放置在阶梯上，全部面朝同一方向，椅子数量多。,0
此虚拟会议室目的是开展小组讨论，学术会议。,4
我想开展学术会议，展会，年会，座位充足，座位分布有明显中心化倾向，由内向外呈同心圆状分布，落地窗，采光好，大尺寸投影屏幕。,3
有许多个圆桌彼此分开，这样既能看到最前方的讲台，也能方便小部分人彼此深度交流，有好多个圆桌彼此分开，每个圆桌各有10个椅子，围绕着圆桌，这个会议室适合进行年会、晚会。,1
餐桌，多个圆桌餐桌，周围配有椅子，有舞台、地板、音响，我想开展晚宴，婚宴。,1
椅子连在一起，椅子上带有小桌板，分布在会议室后方，有放映机，我想开展学术展示、讲座。,0
这个会议室适合进行吃饭，餐桌。,1
这个会议室适合进行小组讨论，扁平化。,3
多点阵列，一桌一椅，教师前方有讲台黑板，侧面有窗户，光线明亮，紧密排布，桌椅较多。,2
这个会议室用途是学术会议。,5
房间内放置多张大方桌，每张桌子四侧各放置三张椅子，房间一侧有投影幕布，房间天花板上有大型灯。,1
这个会议室适合于学术会议，展会，比较专业。,4
八张椅子围着一张圆桌。,4
我想开展学术会议，折叠椅配桌子，椅子比较豪华，一张桌子配一张椅子。,2
由中心向外呈同心圆状排列，这个会议室用途是学术会议，座谈会。,3
这个会议室用途是学术会议，小组讨论。,3
一共有八列六排，两列为一组，中轴线对称摆放，此虚拟会议室目的是开展上课，讲座。,2
我想拿这个会议室进行小组讨论，没有桌子，只有椅子围着。,3
我想开展学术会议小组讨论。,5
这个会议室适合于年会，婚礼，圆桌适合吃席，有个舞台可以给观众看节目。,1
这个会议室适合于学术会议，小组讨论。,1
我想开展采访会议，学术会议。,3
外圈围绕着一圈小型书桌，每张书桌配有一张椅子，内圈有六张椅子围绕着一张大圆桌，每个学生可以拥有一张专属桌椅，用于书写记录课程内容；教师可以在内圈或讲台进行课程的讲授，也可以在内圈更好地与同学进行单人互动。,3
我想开展晚宴，婚宴，餐桌，多个圆桌餐桌，周围配有椅子。,1
这个会议室适合于小组讨论，中间有一张半环形桌子，四周整起排列着椅子。,5
这个会议室适合进行学术会议。,2
无桌子，相同数量的椅子分布在会议室两侧，方向相对，各椅子离其他椅子，讲台距离近。,3
我想开展小组讨论。,3
这个会议室用途是商业会议，一张大桌子，座位分列两侧。,4
没有桌子，椅子分成若干层放置，每一层都排列成一个环，多层椅子形成多个同心圆，圆心处另外放置了5个椅子。,3
黑板投影适合学术展示与交流，桌椅相邻较近适合讨论，面积不够大去开晚会，几张小桌围绕一个圆桌，有投影，多块黑板，许多便笺，灯光明亮，此虚拟会议室目的是开展学术会议，小组讨论。,3
这个会议室适合于小组讨论，中间有一个大桌子，椅子分布在桌子的周围。,4
两大列座位分布在道路两侧，每大列包含数行、数列座位，道路尽头有讲台和投影仪，这个会议室适合于展会。,0
我想开展学术会议、企业商业会议。,4
每个房间只有一张圆形桌子，配若干休闲靠背座椅。,4
此虚拟会议室目的是开展学术会议，分组，四组长桌椅分布在会议室的两侧，每侧各两组，每张长桌对应五把椅子。,1
我想开展项目展示、讨论项目。,4
有四个弧形的长桌子，中间的空间有很多把椅子，我想拿这个会议室进行学术会议，年会。,2
一张小方桌，围摆三张沙发椅，座椅少，房间小巧。,4
讲台桌子位于会议室正面，其余桌椅呈半圆状面向会议室正面分布，讲台和投影位于会议室正面，会议室左侧开两扇窗。,2
这个会议室适合进行讨论、沙龙，都面向中间，彼此可以看到互相的表情。,3
长的u型桌子，最前面一面没有桌子，其他三面都有桌子和椅子，桌椅排布很正式，u型。,5
四排电影院黑红色椅子，正前方有一个讲台。,0
没有桌子，简单排列着椅子，椅子排放整齐。,0
我想开展采访会议，学术会议，圆心处另外放置了5个椅子，没有桌子，椅子分成若干层放置，每一层都排列成一个环，多层椅子形成多个同心圆，圆心处另外放置了5个椅子。,3
两列多排桌椅，分布紧密，多排，紧凑，大屏幕。,2
没有桌子，椅子排放混乱。,3
可容纳人数多，宽大的长桌，桌椅比较精致舒适，商务风的装饰，一张很大的原木色长桌，周围摆放着许多白色滑轮椅子，桌子的两端各有一把椅子，这个会议室适合进行商务会议，例如董事会会议或者商务谈判。,4
这个会议室适合进行学术会议、展会、讲座，都面向前方，没有桌子，十分密集，有八排椅子，都面向前方，没有过道，灯光很明亮。,0
类似教室的成列和成排的规律布局，按列和排规律分成三列排布，有两个过道，一侧有较大的窗户，有黑板、投影仪、顶灯，这个会议室用途是授课、班级或年级会议。,2
C型、环形的桌子和椅子，C型桌子的缺口处有讲台和投影仪，各位置到投影仪距离相近且无遮挡。,5
这个会议室适合进行学术会议，演讲。,0
这个会议室适合于小组讨论。,1
这个会议室适合进行小组讨论，梯形桌子围成了一个圈，周围摆上办公椅子。,1
此虚拟会议室目的是开展学术会议，投影仪居中，同一桌子的人到投影仪的距离相近，多层弧形桌子，每张弧形桌子有多个椅子，最内层桌子的内侧有讲台和投影仪。,2
我想开展感觉做啥都不行，4*5分布的可收起座位。,0
三边U形布局的长桌，长桌的外侧有多把椅子，宽大的落地窗，教室前方有投影。,5
这个会议室适合于学术会议。,5
此虚拟会议室目的是开展学术会议，桌子摆放成方形，周围排列着椅子。,5
这个会议室适合进行小组讨论、低于5人的研讨课、论文答辩，布局靠得很近，便于沟通。,4
有很多桌子很多椅子，桌子排列呈U型，椅子全部分布在桌子的一侧，有投影仪还有画，这个会议室适合于学术会议。,5
这个会议室适合进行学术会议，中间一圈较少的椅子作为中心，发散分布若干圈椅子。,3
我想拿这个会议室进行访谈，开放式讨论。,3
数排、数列带桌子的椅子，所有椅子的前方有讲台和投影仪，会议室侧边有黑板。,0
我想拿这个会议室进行项目展示。,4
此虚拟会议室目的是开展学术会议，分组。,1
有四排椅子，每排椅子前都由两个长桌拼成桌子。,2
我想拿这个会议室进行学术会议。,5
设备先进，座椅高档，环境明亮，较长的矩形桌，座椅围绕摆放，有电子屏幕，落地窗，这个会议室用途是工作会议。,4
环绕型，中型会议室，桌子拼成环绕型，围绕演讲者，每个座位上有纸笔，有投影仪，地毯，大窗户，我想拿这个会议室进行小组讨论。,5
此虚拟会议室目的是开展学术会议，多层弧形桌子，每张弧形桌子有多个椅子，最内层桌子的内侧有讲台和投影仪。,2
这个会议室适合于小组讨论，小会议桌，小会议桌，围绕5-6把办公椅。,4
这个会议室适合进行学术会议，黑色的桌子，看起来比较高级的椅子，周围的环境比较肃穆，长方形桌子放在房间中央，椅子围绕桌子摆放。,4
桌子三面围绕，中间两把椅子，两边分别四把椅子，一面临窗，中间一台投影仪，围绕着中心，更适合看人汇报，距离比直排桌近，更适合讨论。,5
我想拿这个会议室进行学术讨论，椅子随意摆放，可以随意讨论，椅子随意摆放，无桌子。,3
一张圆桌周围有五张椅子，布局紧凑，圆桌能让所有人面对面。,4
这个会议室适合于小组讨论，可自由挪动的桌椅方便自由组合。,1
海报和人数，同心圆由内向外辐射，这个会议室用途是学术会议。,3
大量的座位呈扇形同心圆围绕着主演讲台分布。,0
我想拿这个会议室进行公司会议、组会，u型会议室，由很多张桌子拼成一个大型u型会议桌，会议桌三边围绕着许多椅子。,5
没有桌子，椅子从房间头到房间尾放置在阶梯上，全部面朝同一方向，椅子数量多，房间的一侧似乎有一个讲台，房间中间的天花板上有一个投影仪，房间无窗，此虚拟会议室目的是开展展会，年会。,0
一张长方形的桌子，四面都有椅子，竖着摆放，我想开展公司会议、决策性会议、讨论。,4
讲台位置突出，主讲人突出，有黑板可以书写，整个教室有两大列桌椅，中间有一个过道，正前方有讲台，墙上有一个黑板，我想拿这个会议室进行上课。,2
桌椅排布很正式，u型，长的u型桌子，最前面一面没有桌子，其他三面都有桌子和椅子，最前面有投影，左边有窗户，这个会议室适合进行公司会议。,5
这个会议室适合于小组讨论，只有椅子。,3
以大圆桌的方式组织，根据会议室大小圆桌均匀分布在会议室内，设置有窗户，有窗帘遮挡阳光，每个圆桌将人聚集在一起。,1
我想开展感觉做啥都不行，没桌子开不了正式会议，又挤，不适合娱乐。,0
我想开展讨论会、咨询会，有四张桌子，彼此分开，每个桌子有六张椅子，椅子两两面对。,1
这个会议室适合进行小组讨论，学术会议。,2
我想拿这个会议室进行学术讨论。,3
很多排椅子围成几个同心圆，没有桌子，这个会议室适合于比赛。,3
这个会议室适合进行年会、晚会，很多椅子围着一张桌子。,1
中间有一个桌子，左右两侧都有九把椅子，后方有一把椅子。,4
小会议桌，小会议桌，围绕5-6把办公椅，小房间，有显示器、地毯，没有窗户，这个会议室适合于小组讨论。,4
桌子有三排，构成一个u型，椅子在桌子外面有一圈。,5
这个会议室适合进行学术会议。,5
里外有几层座位，环环围绕成一个圈，没有桌子只有椅子，间距不一，较为随意，我想开展小组讨论，研讨课，活动筹备会议。,3
我想开展年会，晚会，桌椅数量大。,1
我想开展年会和晚会等大型会议，所有椅子朝向主席台，十多排椅子，每排20把。,0
我想拿这个会议室进行小组讨论，环绕型。,5
我想开展学术会议，展会，年会。,3
这个会议室适合于小组会议。,1
这个会议室用途是学术会议，有很多桌子很椅子，桌子排列呈U型，椅子全部分布在桌子的一侧。,5
教室，独立座椅，排列整齐，有讲台，黑板。,2
这个会议室适合于年会、晚会，有很多张桌椅子，能看到前面也能看到彼此，有许多张圆桌子，但是都分散在会议室各个部分，不靠在一起，每张桌子围绕着七张椅子，每个圆桌最前面没有椅子，最前面是站台。,1
中型会议室，桌子拼成环绕型，围绕演讲者。,5
长条桌子，旁边都是椅子，前面是投影。,5
这个会议室适合于学术会议展会。,3
这个会议室适合进行小组讨论。,4
无桌子，椅子比较豪华，面向一个大屏幕，有大屏幕，整体为红色系。,0
这个会议室适合进行年会、晚会，由若干组桌椅组成，12张椅子围着一个桌子，前方有一个舞台，舞台上有一个投影。,1
都面向中间，彼此可以看到互相的表情，外圈有十几张白椅子，围成一个圈，内圈有七、八张椅子，都面向中间，内外圈共有两圈，这个会议室适合进行讨论、沙龙。,3
这个会议室适合于研讨会，学术会议，晚会等，大量、开放、开阔。,2
这个会议室用途是小组讨论，没有桌子，有五把椅子按照圆圈环绕。,3
环绕式摆放桌椅，座位放在外围，中心有小圆桌，也放置了椅子，环绕式。,3
环绕布局，宽大的桌子，5个座位环绕布局，前方有投影，这个会议室适合进行小组讨论。,5
都面向前方，排列紧密，有许多排红色椅子，有靠背，面向前方，中间有一个过道，最前面有一个长桌子和7张椅子，我想拿这个会议室进行讲座、宣讲会。,0
只有椅子放射状布局，会议室四周各自有投影。,3
这个会议室适合进行年会，晚会。,1
有四张桌子，彼此分开，每个桌子有六张椅子，椅子两两面对，我想开展讨论会、咨询会。,1
外圈围绕着一圈小型书桌，每张书桌配有一张椅子，内圈有六张椅子围绕着一张大圆桌，此虚拟会议室目的是开展西方的教室，用于人数中等的教学活动。,3
这个会议室适合于小组讨论，小会议桌，围绕5-6把办公椅。,4
我想拿这个会议室进行年会，晚会，宽敞，成组。,1
三大列桌椅，共12排，最前方有一个讲台，这个会议室适合于上课。,2
这个会议室适合于学术会议，有讲台，有投影仪。,1
我想开展讨论会。,4
以大圆桌的方式组织，根据会议室大小圆桌均匀分布在会议室内，设置有窗户，有窗帘遮挡阳光。,1
这个会议室适合进行学术会议，公司会议，一整个环形长桌分布，单侧配若干椅子，投影，窗户，白板。,5
这个会议室用途是学术会议，展会，有多排椅子按照一定的间隔平行放置，一排上有很多椅子。,0
4*5分布的可收起座位。,0
这个会议室用途是小组讨论。,3
我想拿这个会议室进行项目展示，桌子只有一张，椅子只有4个，围绕在桌子的一端，桌子另一端面对放映机，桌上有电脑、有投影仪，房间有其他装置。,4
分小组分布，我想开展小组。,1
我想开展学术展示、讲座。,0
一共有八列六排，两列为一组，中轴线对称摆放。,2
中间一个leader，周围的开会人员面对中心均匀分布，投影一般在中心人员的背后，这个会议室用途是讨论。,3
四张中心围绕的沙发表明他们是会议的核心发言人，外圈的两排椅子表明有许多发言频次很低的听众，会议室内没有投影，说明不需要对特定图片和复杂数据信息进行展示，可以表明他们讨论的是偏人文社科定性方向的议题，外圈两排椅子围绕着内圈的四张沙发，其中两张沙发之间有一个小圆桌，在室内，无其他物件，我想开展小型座谈会。,3
我想拿这个会议室进行讲座、宣讲会。,0
此虚拟会议室目的是开展演讲，讲座，主讲人突出，座椅舒适。,0
比较专业，排列较为整齐，这个会议室适合于学术会议，展会。,4
我想开展上课、展会，数排座椅整齐排列为方阵。,0
我想拿这个会议室进行学术讨论，椅子随意摆放，无桌子，后方有展板，有介绍的详细信息。,3
视线比较集中，有展示的地方，方便一个人重点介绍，桌子和椅子一配一，围成版方形，这个会议室适合进行学术会议，小组讨论。,5
小隔间，单桌，这个会议室用途是小组讨论。,4
这个会议室适合于讲座、学术会议，有好多排白色的椅子，没有桌子，面向前方。,0
这个会议室用途是适合小组讨论，长桌两侧分布多个座位，前方有个投影，上方有个吊灯。,4
这个会议室用途是小组讨论，学术会议，小组讨论，，有一个讲台，以及一排连着的桌子和椅子，有一个白板，桌面上有笔记本。,5
四张小桌子拼成一个大桌子，每个桌子一张椅子。,1
一整个环形长桌分布，单侧配若干椅子，这个会议室适合进行学术会议，公司会议。,5
这个会议室适合进行吃饭。,1
中间有一个大桌子，很多椅子分布在桌子的周围，我想开展学术会议。,4
我想开展课堂教学，讲座，大学教室布局，紧密排布，中间一行八个座椅，两侧一行四个座椅，从前到后座位高度依次变高。,2
宽松环绕，艺术墙，我想开展小组讨论。,3
我想开展小组讨论，课堂，若干张梯形课桌拼成六边形，每个边有一把椅子，大房间内有多个六边形。,1
4*5分布的可收起座位，我想开展感觉做啥都不行。,0
没有桌子，排列紧密而且正式，好多排椅子，没有桌子，都面向前方，排列整齐，最前面有讲台，我想拿这个会议室进行年会、晚会、讲座。,0
我想开展学术会议，没有桌子，有很多排椅子，有一扇门。,0
多点阵列，一桌一椅，教师前方有讲台黑板，侧面有窗户，光线明亮。,2
有很多桌子很椅子，桌子排列呈U型，椅子全部分布在桌子的一侧，这个会议室用途是学术会议。,5
这个会议室适合于展会，宣讲，没有桌子，没有桌子，椅子排成一圈，有多圈，简易椅子，大房间。,3
外围五圈白色椅子围绕着中间五张椅子，椅子中间有一张圆桌，墙上有一个投影，一侧有落地窗，大家都能看到中间的说话者。,3
我想开展学术会议、小组讨论。,2
环形整齐排列，这个会议室用途是商业会议。,5
此虚拟会议室目的是开展演讲，讲座。,0
这个会议室适合于小组会议，每张桌子的座位间距离较近，里其他桌子的座位距离较远，多张桌子，每张桌子围绕有多张椅子。,1
桌椅一体化，不可移动，窗户较大，但是拉上了窗帘，我想开展教室上课。,2
桌椅分布在阶梯会议室内的中间走廊两侧，最后一排没有走廊，阶梯式，不分组。,0
按行排列桌椅，一张桌子配一张椅子，有投影，广播，贴有标语。,2
三大列桌椅，每大列三小列，正前方靠左侧有一个讲台，正前方墙上有两块黑板，我想开展上课。,2
一张小方桌，围摆三张沙发椅，有电子屏幕，房间一侧透明，这个会议室适合于小组讨论，开放式交流。,4
大学教室布局，紧密排布，中间一行八个座椅，两侧一行四个座椅，从前到后座位高度依次变高，我想开展课堂教学，讲座。,2
此虚拟会议室目的是开展年会，晚会，拍卖会，多，正式，有舞台，拥挤的八人桌，中间的窗帘拉开了一半。,1
我想开展学术会议，桌子有三排，构成一个u型，椅子在桌子外面有一圈，前方有个讲台和屏幕。,5
一张大桌子，座位分列两侧，会议室墙上有大屏幕。,4
教室，独立座椅，排列整齐。,2
一圈椅子排列成一个环放置，在环的两侧再沿着环防两排椅子，环的中心放置四张椅子和一张小圆桌，这个会议室适合进行采访会议。,3
这个会议室适合于年会，婚礼，几十张圆桌均匀分布，每张桌子上10个座位。,1
长的u型桌子，最前面一面没有桌子，其他三面都有桌子和椅子，这个会议室适合进行公司会议。,5
很多排椅子，四周都是墙壁，天花板上有灯。,0
桌子和椅子一配一，围成版方形，有投影，视线比较集中，有展示的地方，方便一个人重点介绍。,5
多张圆形○会议桌，每张桌子周围摆放着椅子，两台显示器，这个会议室适合进行年会，晚会。,1
五排椅子，每排椅子都有四张桌，此虚拟会议室目的是开展学术会议。,2
这个会议室用途是工作会议。,4
外圈两排椅子围绕着内圈的四张沙发，其中两张沙发之间有一个小圆桌，在室内，无其他物件。,3
有五张长方形桌子，彼此分开，不靠近，每个桌子四周围绕着五个椅子，小组分开，且都能看到正前方。,1
这个会议室适合于小组讨论，有很多圆桌，每一个圆桌的周围有很多把椅子，有一个投影仪和一个小黑板。,1
桌子在中心，有一圈椅子围绕在桌子附近，还有一圈椅子环绕在外面。,3
比较正式，作为宽敞，有投影仪，有扩音器，按行排列桌椅，一张桌子配一张椅子，有投影，广播，贴有标语，此虚拟会议室目的是开展学术会议。,2
我想开展小组讨论和视频会议，一张桌子，五把办公椅。,4
我想开展年会，长条桌子，旁边都是椅子。,5
我想开展小课堂，分布较为紧凑整齐。,2
桌子和椅子一配一，比较多车，围成小半圆形，有二层，灯光比较分散。,2
桌子有三排，构成一个u型，椅子在桌子外面有一圈，我想开展学术会议。,5
我想开展展会，晚会。,0
四张椅子围绕着一张小桌子，一共有多组这样的桌椅组合布满整个房间。,1
这个会议室适合于学术会议，数排长条形状的桌子，每排有数个椅子。,2
桌子排列为一个凹型，椅子放置在桌子旁，凹的一端面对投影幕布，有投影仪，有窗户、窗户边还有沙发，此虚拟会议室目的是开展公司企业的发展会议。,5
四排红色沙发椅子，每排八张，椅子有扶手和靠背，这个会议室适合进行学术会议，演讲。,0
这个会议室适合进行学术会议，课程会议，单张长桌方便进行课堂上的小组讨论；整体布局方便会议主持者进行主持、演讲、授课，若干张长桌，每张长桌两侧有对称分布的办公椅，长桌之间有过道，投影，绿植，白板。,1
桌椅分布在阶梯会议室内的中间走廊两侧，最后一排没有走廊，阶梯式会议室，窗户均在会议室的同一侧，这个会议室用途是晚会。,0
五张椅子围成一圈，没有桌子，旁边有宽敞的窗户。,3
若干张长桌，每张长桌两侧有对称分布的办公椅，长桌之间有过道，投影，绿植，白板。,1
这个会议室适合进行学术会议，展会。,0
我想开展讨论会。,3
这个会议室用途是学术会议，小组讨论，有投影仪，桌子围成半圆，桌子椅子围成半方形，有一张独立的桌椅，有装饰，有投影仪。,5
大会堂，阶梯，多排桌子。,2
一张长桌，两边有皮质旋转椅均匀摆放，吊灯，显示屏，挂画，偏商务类型的布置更适合公司会议、商务会谈，整张长桌方便进行讨论，等级层次更分明，适合公司会议的情况。,4
此虚拟会议室目的是开展交流型学术会议，年级破冰，团建游戏，演讲，聚集在一个中心，且在同一平面上便于交流，人数较多。,3
没有桌子，椅子从房间头到房间尾放置在阶梯上，全部面朝同一方向，椅子数量多，房间的一侧似乎有一个讲台，房间中间的天花板上有一个投影仪，房间无窗，椅子数量多且全部面朝同一方向。,0
这个会议室适合于展会，宣讲，没有桌子，椅子排成一圈，有多圈，简易椅子，大房间。,3
多排教室椅阶梯排布，中间是讲台，阶梯教室类型。,0
我想拿这个会议室进行上课，讲台位置突出，主讲人突出，有黑板可以书写，整个教室有两大列桌椅，中间有一个过道，正前方有讲台，墙上有一个黑板。,2
这个会议室适合于股东大会，桌椅和地毯看起来挺贵的。,4
我想拿这个会议室进行上课教学。,2
围绕主持人每个人的发言都比较直接，围绕主持人成圆圈型分布，这个会议室适合于学术会议展会。,3
座椅较多且面向前台，前方空间较大，可供人活动和讲演，讲台桌子位于会议室前方右侧，三面座椅从正面、左侧面、右侧面集中面向会议室中央，正对黑板，四面无窗，天花板垂挂吊灯，会议室正面有三块白板，讲台位于前方右侧，此虚拟会议室目的是开展学术会议、展览报告、宣讲会、讲座。,0
此虚拟会议室目的是开展年会、项目展示，座椅视线焦点集中、突出重点，桌椅呈U字型排列，面向投影仪。,5
这个会议室用途是课程教学，桌椅密集，桌椅分布在教师中间走廊的两侧，一张长桌对应两把椅子，一侧有三张长桌，会议室前方有一块黑板。,2
我想开展年会。,5
我想开展小型座谈会，外圈两排椅子围绕着内圈的四张沙发，其中两张沙发之间有一个小圆桌，在室内，无其他物件。,3
这个会议室适合于学术会议，讲座，宣讲会，椅子数量较多，可以容纳很多与会者，满足了听众多的要求，所有椅子面向同一个方向，方便参与者观看同一个演讲或者演示，阶梯教室里有7排椅子，中间有过道，除最后一排是14个椅子，其他排都是12把椅子。,0
长方形桌子放在房间中央，椅子围绕桌子摆放，桌子正上方有一盏灯，黑色的桌子，看起来比较高级的椅子，周围的环境比较肃穆。,4
主席台上可以坐领导，多排阶梯上排列联排教室椅，主席台上有一排座位，这个会议室适合于年会。,0
这个会议室适合于大型会议，政治会议，大型较长的凹形桌，座椅紧密排布。,5
"十几排环形桌椅,中间会有过道，大量、开放、开阔。",2
有很多圆形的桌子，每个桌子周围带有十把椅子，有一个讲台。,1
我想拿这个会议室进行学术会议，有很多排椅子。,0
会议室中间有一张圆桌，它的东南西北四个方向各有一排桌椅，这一排桌椅是由三个桌椅拼在一起的。,3
没有桌子，有多排椅子按照一定的间隔平行放置，一排上有很多椅子，所有椅子面朝讲台，有多排椅子按照一定的间隔平行放置，一排上有很多椅子。,0
这个会议室用途是讨论、沙龙，有两圈橙色的椅子，都面向一个中心点，最前面有投影仪。,3
这个会议室用途是课堂，一张桌子配一张椅子，有窗子，比较明亮，灯光为日光灯，有讲台。,2
有一张成U型的桌子，U型的口正对投影幕布，U型的外侧每一侧放置2-4张椅子。,5
桌子由房间头到房间尾从低到高逐层放置在台阶上，每层上的桌子排列成直线，椅子是桌子自带的，桌椅数量大。,2
无桌子，有椅子，椅子为折叠的沙发椅，围成大的半圆形。,0
这个会议室用途是小组讨论，汇报，桌子三面围绕，中间两把椅子，两边分别四把椅子，一面临窗，中间一台投影仪。,5
这个会议室适合于班会。,2
多列多排可下放式座椅，后排高于前排，无桌子，这个会议室适合于大型报告，展会，晚会，年会。,0
八张可活动椅子围着一张圆桌，这个会议室适合进行小组讨论。,4
此虚拟会议室目的是开展看电影、看表演，很多排椅子，四周都是墙壁，天花板上有灯。,0
黑色的桌子，看起来比较高级的椅子，周围的环境比较肃穆，长方形桌子放在房间中央，椅子围绕桌子摆放，这个会议室适合进行学术会议。,4
这个会议室适合于班会，它是个教室。,2
此虚拟会议室目的是开展班会，紧密排布，桌椅较多，多点阵列，一桌一椅。,2
桌椅一体化，不可移动，窗户较大，但是拉上了窗帘。,2
拥挤的八人桌，中间的窗帘拉开了一半，此虚拟会议室目的是开展年会，晚会，拍卖会。,1
由内向外呈同心圆状分布，落地窗，采光好，大尺寸投影屏幕，座位充足，座位分布有明显中心化倾向。,3
商务，两侧长桌对应了多把椅子，长桌中间有一短桌对应了四把椅子，每扇落地窗边各有一个沙发椅，这个会议室用途是年会，商务会议。,5
这个会议室适合进行课程、小组讨论，有讲台，黑板，教室，独立座椅，排列整齐，有讲台、黑板，课程表，挂式电视、音响。,2
有很多圆桌，每一个圆桌的周围有很多把椅子，这个会议室适合于小组讨论。,1
没有桌子，椅子围绕中心点分散开来。,3
单独的桌子配一个椅子，很多组桌椅中间围着一个圆形的桌子，这个会议室适合进行讨论课、小组讨论、团建。,3
外围五圈白色椅子围绕着中间五张椅子，椅子中间有一张圆桌，墙上有一个投影，一侧有落地窗。,3
围桌，长条桌子，旁边有很多椅子，我想拿这个会议室进行学术会议、听领导讲话。,5
这个会议室用途是商业会议，环形整齐排列。,5
这个会议室用途是上课，典型的教室，阶梯教室多排桌椅。,2
此虚拟会议室目的是开展小组讨论，课堂教学。,3
无桌子，椅子随意排布，此虚拟会议室目的是开展小组讨论。,3
桌子比较小，配置的椅子也比较少，比较整齐分布在室内，这个会议室适合于学术会议。,1
这个会议室用途是学术会议，展会。,0
我想开展小组讨论，课堂，桌子较多。,1
此虚拟会议室目的是开展学术会议、展览报告、宣讲会、讲座，讲台桌子位于会议室前方右侧，三面座椅从正面、左侧面、右侧面集中面向会议室中央，正对黑板。,0
排列较为整齐，比较专业。,4
"这个会议室适合于研讨会，学术会议，晚会等，大量、开放、开阔，十几排环形桌椅,中间会有过道。",2
我想开展学术展示、讲座，椅子连在一起，椅子上带有小桌板，分布在会议室后方。,0
这个会议室适合进行小组讨论。,5
长桌的两侧各有一排椅子对称分布，长桌首部有屏幕，长桌上有果盘，桌椅和地毯看起来挺贵的。,4
我想拿这个会议室进行小组讨论，每两张桌子并排放形成一条直线，两排桌子之间有一定间隔，间隔之间放置椅子，房间两侧有窗户。,2
很多椅子围着一张桌子，由若干组桌椅组成，12张椅子围着一个桌子，这个会议室适合进行年会、晚会。,1
桌子放置为一个凹型，椅子放在桌子旁边，面对投影幕布，有多媒体投影仪，每张桌上有矿泉水、桌上有绿植。,5
此虚拟会议室目的是开展小组讨论。,4
椅子数量多且全部面朝同一方向，没有桌子，椅子从房间头到房间尾放置在阶梯上，全部面朝同一方向，椅子数量多，房间的一侧似乎有一个讲台，房间中间的天花板上有一个投影仪，房间无窗，此虚拟会议室目的是开展展会，年会。,0
我想开展上课。,2
宽松环绕，艺术墙。,3
面向讲台，比较集中，一张桌子配一张椅子，这个会议室用途是课堂。,2
长桌的两侧各有一排椅子对称分布。,4
一共两大列，8小列，每大列4小列共5排椅子，正前方有一张讲桌，正前方墙上有两个投影，右侧墙上有两块黑板，主讲人突出，座椅舒适。,0
此虚拟会议室目的是开展展会，讲座，大型课堂，多排，紧凑，大屏幕，两列多排桌椅，分布紧密，房间正前方有投影，环形灯光。,2
我想开展学术会议，三个椅子分布在桌子的周围。,4
由中心向外呈同心圆状排列，光线好，有剪贴布置。,3
这个会议室适合进行吃饭，圆桌，餐桌。,1
若干张长桌，每张长桌两侧有对称分布的办公椅，长桌之间有过道，单张长桌方便进行课堂上的小组讨论；整体布局方便会议主持者进行主持、演讲、授课。,1
空间宽敞，桌下空间支持灵活坐姿，凹形桌，整体较宽较长，桌面下空间大，座椅围摆在外侧，有投影，几面落地镜，此虚拟会议室目的是开展展会，年会。,5
大会堂，阶梯，多排桌子，阶梯状窗户，投影仪，灯带，我想开展晚会，学术会议，年会。,2
大会堂，类似剧院和电影院，没有桌子，多排椅子。,0
这个会议室适合进行小组讨论，成组分散，座椅围坐。,1
这个会议室适合于大型课堂教学，讲座，学术报告。,2
此虚拟会议室目的是开展学术会议，桌子面向一个方向，桌子和椅子一配一，比较多车，围成小半圆形，有二层，灯光比较分散。,2
排列较为整齐，这个会议室适合于学术会议，展会。,4
这个会议室适合进行小组讨论，桌椅平均布局，无中心点。,5
此虚拟会议室目的是开展班会，紧密排布，桌椅较多。,2
按列和排规律分成三列排布，有两个过道，一侧有较大的窗户，有黑板、投影仪、顶灯，这个会议室用途是授课、班级或年级会议。,2
大会堂，大会堂，类似剧院和电影院，没有桌子，多排椅子，我想开展展会、晚会。,0
桌子和椅子一配一，围成版方形，有投影。,5
中间有一个大桌子，椅子分布在桌子的两端和一侧。,4
桌椅呈矩形规则分布。,2
此虚拟会议室目的是开展学术会议、展会，长方形桌子放在房间中央，四周摆放办公桌椅。,4
小会议桌，围绕5-6把办公椅，小房间，有显示器、地毯，没有窗户。,4
有八排椅子，都面向前方，没有过道，灯光很明亮，这个会议室适合进行学术会议、展会、讲座。,0
有几张桌子零散的分布，每张桌子带走多把椅子。,3
桌子椅子间隔排列，这个会议室适合进行学术会议。,2
此虚拟会议室目的是开展上课、学术会议，很多排桌椅，椅子前面是长条桌子，两边有窗户，天花板有灯。,2
这个会议室适合进行公司会议，长的u型桌子，最前面一面没有桌子，其他三面都有桌子和椅子，最前面有投影，左边有窗户。,5
这个会议室适合于上课、小组讨论。,1
这个会议室适合进行学术会议，公司会议，桌椅摆放情况方便面向一个方向，一整个环形长桌分布，单侧配若干椅子。,5
这个会议室适合于小组讨论，好几组环形布局的桌椅，每组6个座位。,1
我想开展教室上课。,2
这个会议室适合进行商务会议，例如董事会会议或者商务谈判，可容纳人数多，宽大的长桌，桌椅比较精致舒适，商务风的装饰，一张很大的原木色长桌，周围摆放着许多白色滑轮椅子，桌子的两端各有一把椅子，落地窗，壁挂电视，短绒地毯，装饰多为原木色、灰色、白色的商务风格。,4
前排桌子不会遮挡后排，数排长条形状的桌子，每排有数个椅子，这个会议室适合于学术会议。,2
由内向外呈同心圆状分布，落地窗，采光好，大尺寸投影屏幕，我想开展学术会议，展会，年会。,3
这个会议室用途是上课，多排教室椅阶梯排布，中间是讲台。,0
多个圆桌，周围摆放着朝着同一方向的若干把椅子，圆桌。,1
这个会议室用途是小组讨论。,3
两排桌椅，长条桌配若干办公椅。,2
这个会议室用途是授课、班级或年级会议，类似教室的成列和成排的规律布局。,2
我想开展公司会议，商务会谈，偏商务类型的布置更适合公司会议、商务会谈，整张长桌方便进行讨论，等级层次更分明，适合公司会议的情况。,4
这个会议室适合进行小组讨论，分散。,1
椅子摆放在左右两边，中间是过道，两边各有7列12排，我想开展学术会议，演讲。,0
这个会议室适合于学术会议，小组讨论，以小圆桌形式，讨论比较集中，桌子偏硬质正式，以小桌形式，一张桌子周围配置六个椅子，有小屏幕。,1
这个会议室用途是学术会议，座谈会，中心化，规模适中，有投影设备，由中心向外呈同心圆状排列。,3
这个会议室适合于学术会议，小组讨论。,4
很多排椅子，四周都是墙壁，天花板上有灯，此虚拟会议室目的是开展看电影、看表演。,0
这个会议室用途是公司会议。,4
空间大，座位多，桌椅呈弧形阶梯布局，空间较大，类似大学教室的结构，这个会议室适合进行展会、晚会、学术会议、课堂。,2
几个桌子彼此分开，有四张桌子，彼此分开，每个桌子有六张椅子，椅子两两面对，我想开展讨论会、咨询会。,1
此虚拟会议室目的是开展小组讨论、展会，四张桌子纵向面向屏幕，摆放两行，每行两张，每张桌子两侧各三张椅子。,1
图片正前方有屏幕，屏幕正对着演讲桌，两边桌子前都有笔记本，从窗口可以看到外面的天空天空哦哦刚，此虚拟会议室目的是开展学术会议，小组讨论。,5
此虚拟会议室目的是开展教室、考试，桌子和椅子固定在一起，每3个一组，排列整齐在室内，有黑板、讲台、空调。,2
这个会议室适合于展会，两大列座位分布在道路两侧，每大列包含数行、数列座位。,0
我想开展小型学术会议。,2
此虚拟会议室目的是开展小组讨论。,5
数排、数列带桌子的椅子，我想拿这个会议室进行学术会议。,0
长条桌子，旁边都是椅子，前面是投影，我想开展年会。,5
我想拿这个会议室进行小组讨论，中型会议室，桌子拼成环绕型，围绕演讲者。,5
我想拿这个会议室进行年会、晚会、讲座，没有桌子，排列紧密而且正式，好多排椅子，没有桌子，都面向前方，排列整齐，最前面有讲台。,0
长方形桌子，周围围着椅子，窗户，我想开展小组讨论。,4
我想开展讨论会，很紧密，彼此能看到对方表情，两圈椅子面向中间，最中间的椅子更加紧密。,3
图片正前方有屏幕，屏幕正对着演讲桌，两边桌子前都有笔记本，从窗口可以看到外面的天空天空哦哦刚。,5
我想拿这个会议室进行展会，晚会，没有桌子，椅子是折叠椅子。,0
十几张长方形桌子彼此分开，每个桌子围绕着一圈椅子，这个会议室适合于年会、晚会。,1
一张很大的原木色长桌，周围摆放着许多白色滑轮椅子，桌子的两端各有一把椅子，这个会议室适合进行商务会议，例如董事会会议或者商务谈判。,4
压抑。,0
这个会议室适合于比赛。,3
我想开展公司会议，商务会谈。,4
一张长桌，两边有皮质旋转椅均匀摆放，吊灯，显示屏，挂画，我想开展公司会议，商务会谈。,4
我想开展小组讨论，单张圆桌方便交流讨论，单张桌子环绕若干张椅子，显示屏，挂画，收纳柜，绿植。,4
有投影仪，桌子围成半圆，桌子椅子围成半方形，有一张独立的桌椅，有装饰，有投影仪，这个会议室用途是学术会议，小组讨论。,5
一张圆桌周围有五张椅子。,4
会议室中间有一张圆桌，它的东南西北四个方向各有一排桌椅，这一排桌椅是由三个桌椅拼在一起的，一侧墙面有投影，它的对面和右侧是黑板，讲台在投影的左侧，桌椅分组。,3
中间一个leader，周围的开会人员面对中心均匀分布。,3
我想拿这个会议室进行学术讨论，椅子随意摆放，可以随意讨论。,3
桌子面向一个方向，桌子和椅子一配一，比较多车，围成小半圆形，有二层，灯光比较分散，此虚拟会议室目的是开展学术会议。,2
我想拿这个会议室进行公司会议、组会。,5
我想拿这个会议室进行小组讨论。,4
我想开展班会，几排桌子面向前面。,2
一整个环形长桌分布，单侧配若干椅子，桌椅摆放情况方便面向一个方向。,5
我想开展年会，晚会，房间内有很多圆桌，每张圆桌周围放约8张椅子，房间一侧有窗帘和窗户，另一侧有一个表演台。,1
这个会议室用途是学术会议，座谈会。,3
椅子随意摆放，无桌子，后方有展板，有介绍的详细信息。,3
5排连续的座椅，可折叠的简易桌板，布材质的座椅表面。,0
我想拿这个会议室进行年会，晚会。,1
一张桌子，有五个椅子，桌子最前面靠墙，最前面有屏幕。,4
没有桌子，只有椅子，椅子大致围成一圈，相当简陋，我想开展小组讨论。,3
中型会议室，多排课桌椅，中间有走道，投影仪，落地窗，地板，这个会议室适合进行小组讨论，学术会议。,2
这个会议室用途是晚会，阶梯式，不分组。,0
长方形会议桌，周围环绕办公椅。,4
环绕式摆放桌椅，座位放在外围，中心有小圆桌，也放置了椅子，房间侧面有窗户，此虚拟会议室目的是开展小组讨论，课堂教学。,3
没有桌子，有五把椅子按照圆圈环绕，这个会议室用途是小组讨论。,3
我想开展讲坛，所有座位环绕中心布局。,3
这个会议室适合进行学术会议、展会、讲座，都面向前方，没有桌子，十分密集。,0
十多排椅子，每排20把，在会议室前方有一个讲台，所有椅子朝向主席台。,0
椅子很少，围绕一张桌子，面向多媒体，空间比较小，有投影仪、有电脑，我想开展项目展示、讨论项目。,4
此虚拟会议室目的是开展年会、晚会，圆桌，多个圆桌，周围摆放着朝着同一方向的若干把椅子。,1
没有桌子，椅子拼成一个圈，只有椅子，窗户，我想开展小组讨论。,3
八张椅子围着一张圆桌，左边是落地窗，前面是屏幕，这个会议室适合进行小组讨论、研讨会、组会。,4
我想拿这个会议室进行小组讨论，面积适合，座位有限，面对面互动性强。,3
我想开展小组讨论。,3
我想拿这个会议室进行讲座、宣讲会，都面向前方，排列紧密。,0
多张桌子，每张桌子围绕有多张椅子，每张桌子的座位间距离较近，里其他桌子的座位距离较远。,1
单独的桌子配一个椅子，很多组桌椅中间围着一个圆形的桌子。,3
中间有一个小桌子，四把大椅子，周围有很多小椅子，一扇门。,3
分散，分散。,1
有一张成U型的桌子，U型的口正对投影幕布，U型的外侧每一侧放置2-4张椅子，房间一侧有投影幕布，另一侧有窗户，这个会议室用途是小组会议。,5
中间有一张半环形桌子，四周整起排列着椅子，窗户较大，透光性很好，这个会议室适合于小组讨论。,5
分散性、私密性、隔离性，布局由好几个桌椅围成的小圈组成，每个小圈由6张桌椅组成，这个会议室用途是小组讨论、组会、教学类的会议。,1
长条桌子，旁边很多椅子，这个会议室用途是团建、小组讨论。,5
我想开展小组讨论。,4
这个会议室适合进行小组讨论，多层环形排列。,3
讲台桌子位于会议室前方右侧，三面座椅从正面、左侧面、右侧面集中面向会议室中央，正对黑板，座椅较多且面向前台，前方空间较大，可供人活动和讲演。,0
我想开展小组讨论，没有桌子，椅子拼成一个圈，只有椅子，窗户。,3
这个会议室用途是展会，晚会，年会，若干圆桌，配黑色绒面座椅环绕摆放，窗户，配红色窗帘。,1
长方形桌子，窗户、投影，窗外是自然风光。,5
我想开展讨论会、咨询会，几个桌子彼此分开。,1
这个会议室适合于学术沙龙，里圈有一圈三四个演讲者椅子，外圈是四圈参会人的椅子。,3
整个教室有两大列桌椅，中间有一个过道，正前方有讲台，墙上有一个黑板，讲台位置突出，主讲人突出，有黑板可以书写。,2
多排教室椅阶梯排布，中间是讲台。,0
可移动，环形，紧凑，随意，里外有几层座位，环环围绕成一个圈，没有桌子只有椅子，间距不一，较为随意，我想开展小组讨论，研讨课，活动筹备会议。,3
偏商务类型的布置更适合公司会议、商务会谈，整张长桌方便进行讨论，等级层次更分明，适合公司会议的情况，一张长桌，两边有皮质旋转椅均匀摆放，吊灯，显示屏，挂画，我想开展公司会议，商务会谈。,4
这个会议室适合于年会、晚会。,1
我想开展公司会议、决策性会议、讨论，一张长方形的桌子，四面都有椅子，竖着摆放。,4
这个会议室用途是学术会议，座谈会，中心化，规模适中，有投影设备。,3
布局由好几个桌椅围成的小圈组成，每个小圈由6张桌椅组成，一个铁质小讲台和两个大屏幕。,1
房间内只有一张长桌子，桌子较长的两侧各放置一排约九个椅子，桌子较窄的一侧放置一张椅子，较窄的另一侧正对显示屏，房间一侧有一个显示屏，另一侧是飘窗，房间内桌子正上方有两个挂灯，此虚拟会议室目的是开展董事会议，小组讨论。,4
这个会议室适合于强制参与人数的讲座。,2
这个会议室适合进行小组讨论，学术会议，中型会议室，多排课桌椅，中间有走道。,2
我想开展展会，年会，晚会，桌椅布局较为整齐，椅子排列有序，红色的装饰，投影居中。,0
围绕房间中心拜访了多张椅子，没有桌子，我想拿这个会议室进行访谈，开放式讨论。,3
这个会议室用途是上课，阶梯教室类型。,0
这个会议室用途是公司会议，一张长方形大会议桌，周围围绕若办把皮质椅子，落地窗，有书架，吊灯，地毯，笔记本电脑。,4
四张小桌子拼成一个大桌子，每个桌子一张椅子，这个会议室适合进行上课、小组讨论。,1
我想开展学术会议，视线比较集中在前部，折叠椅配桌子，椅子比较豪华，一张桌子配一张椅子，蓝色窗帘，有讲台。,2
我想开展小组讨论，环境私密，适合小组开会；圆形桌方便讨论交流，每个房间只有一张圆形桌子，配若干休闲靠背座椅。,4
我想开展展会，晚会，无桌子，椅子比较豪华，面向一个大屏幕，有大屏幕，整体为红色系。,0
四张桌子纵向面向屏幕，摆放两行，每行两张，每张桌子两侧各三张椅子，每张桌子上摆放了六个文件夹，一个玻璃水壶和六只玻璃水杯，此虚拟会议室目的是开展小组讨论、展会。,1
此虚拟会议室目的是开展学术会议，小组讨论，董事会议。,5
这个会议室适合进行年会、晚会，很多椅子围着一张桌子，由若干组桌椅组成，12张椅子围着一个桌子。,1
此虚拟会议室目的是开展小组讨论，分开的桌子适合小组讨论。,2
